"","ans","subj","key","trial_order","corr"
"1","2","spoli_c_049",1,1,0
"2","1","spoli_c_049",2,2,0
"3","1","spoli_c_049",2,3,0
"4","2","spoli_c_049",1,4,0
"5","1","spoli_c_049",2,5,0
"6","1","spoli_c_049",2,6,0
"7","1","spoli_c_049",1,7,1
"8","1","spoli_c_049",2,8,0
"9","2","spoli_c_049",1,9,0
"10","2","spoli_c_049",1,10,0
"11","1","spoli_c_049",2,11,0
"12","2","spoli_c_049",1,12,0
"13","1","spoli_c_049",2,13,0
"14","1","spoli_c_049",2,14,0
"15","2","spoli_c_049",1,15,0
"16","2","spoli_c_049",1,16,0
"17","1","spoli_c_049",2,17,0
"18","2","spoli_c_049",1,18,0
"19","2","spoli_c_049",1,19,0
"20","1","spoli_c_049",2,20,0
"21","2","spoli_c_049",1,21,0
"22","1","spoli_c_049",2,22,0
"23","2","spoli_c_049",1,23,0
"24","1","spoli_c_049",2,24,0
"25","2","spoli_c_049",1,25,0
"26","1","spoli_c_049",2,26,0
"27","1","spoli_c_049",2,27,0
"28","2","spoli_c_049",1,28,0
"29","2","spoli_c_049",1,29,0
"30","1","spoli_c_049",2,30,0
"31","1","spoli_c_049",2,31,0
"32","2","spoli_c_049",1,32,0
"33","1","spoli_c_071",1,1,1
"34","2","spoli_c_071",2,2,1
"35","2","spoli_c_071",2,3,1
"36","1","spoli_c_071",1,4,1
"37","2","spoli_c_071",2,5,1
"38","1","spoli_c_071",2,6,0
"39","1","spoli_c_071",1,7,1
"40","1","spoli_c_071",2,8,0
"41","2","spoli_c_071",1,9,0
"42","2","spoli_c_071",1,10,0
"43","1","spoli_c_071",2,11,0
"44","1","spoli_c_071",1,12,1
"45","1","spoli_c_071",2,13,0
"46","1","spoli_c_071",2,14,0
"47","2","spoli_c_071",1,15,0
"48","2","spoli_c_071",1,16,0
"49","2","spoli_c_071",2,17,1
"50","2","spoli_c_071",1,18,0
"51","1","spoli_c_071",1,19,1
"52","2","spoli_c_071",2,20,1
"53","1","spoli_c_071",1,21,1
"54","1","spoli_c_071",2,22,0
"55","2","spoli_c_071",1,23,0
"56","2","spoli_c_071",2,24,1
"57","1","spoli_c_071",1,25,1
"58","2","spoli_c_071",2,26,1
"59","1","spoli_c_071",2,27,0
"60","1","spoli_c_071",1,28,1
"61","1","spoli_c_071",1,29,1
"62","1","spoli_c_071",2,30,0
"63","1","spoli_c_071",2,31,0
"64","2","spoli_c_071",1,32,0
"65","1","spoli_c_125",1,1,1
"66","1","spoli_c_125",2,2,0
"67","1","spoli_c_125",2,3,0
"68","1","spoli_c_125",1,4,1
"69","1","spoli_c_125",2,5,0
"70","1","spoli_c_125",2,6,0
"71","1","spoli_c_125",1,7,1
"72","1","spoli_c_125",2,8,0
"73","1","spoli_c_125",1,9,1
"74","1","spoli_c_125",1,10,1
"75","1","spoli_c_125",2,11,0
"76","1","spoli_c_125",1,12,1
"77","1","spoli_c_125",2,13,0
"78","1","spoli_c_125",2,14,0
"79","1","spoli_c_125",1,15,1
"80","1","spoli_c_125",1,16,1
"81","1","spoli_c_125",2,17,0
"82","1","spoli_c_125",1,18,1
"83","1","spoli_c_125",1,19,1
"84","1","spoli_c_125",2,20,0
"85","1","spoli_c_125",1,21,1
"86","1","spoli_c_125",2,22,0
"87","1","spoli_c_125",1,23,1
"88","1","spoli_c_125",2,24,0
"89","1","spoli_c_125",1,25,1
"90","1","spoli_c_125",2,26,0
"91","1","spoli_c_125",2,27,0
"92","1","spoli_c_125",1,28,1
"93","1","spoli_c_125",1,29,1
"94","1","spoli_c_125",2,30,0
"95","1","spoli_c_125",2,31,0
"96","1","spoli_c_125",1,32,1
"97","1","spoli_c_342",1,1,1
"98","2","spoli_c_342",2,2,1
"99","1","spoli_c_342",2,3,0
"100","2","spoli_c_342",1,4,0
"101","2","spoli_c_342",2,5,1
"102","1","spoli_c_342",2,6,0
"103","2","spoli_c_342",1,7,0
"104","2","spoli_c_342",2,8,1
"105","2","spoli_c_342",1,9,0
"106","1","spoli_c_342",1,10,1
"107","2","spoli_c_342",2,11,1
"108","2","spoli_c_342",1,12,0
"109","1","spoli_c_342",2,13,0
"110","2","spoli_c_342",2,14,1
"111","2","spoli_c_342",1,15,0
"112","2","spoli_c_342",1,16,0
"113","2","spoli_c_342",2,17,1
"114","2","spoli_c_342",1,18,0
"115","1","spoli_c_342",1,19,1
"116","1","spoli_c_342",2,20,0
"117","2","spoli_c_342",1,21,0
"118","1","spoli_c_342",2,22,0
"119","1","spoli_c_342",1,23,1
"120","1","spoli_c_342",2,24,0
"121","1","spoli_c_342",1,25,1
"122","1","spoli_c_342",2,26,0
"123","1","spoli_c_342",2,27,0
"124","2","spoli_c_342",1,28,0
"125","2","spoli_c_342",1,29,0
"126","2","spoli_c_342",2,30,1
"127","2","spoli_c_342",2,31,1
"128","2","spoli_c_342",1,32,0
"129","1","spoli_c_343",1,1,1
"130","2","spoli_c_343",2,2,1
"131","1","spoli_c_343",2,3,0
"132","1","spoli_c_343",1,4,1
"133","2","spoli_c_343",2,5,1
"134","2","spoli_c_343",2,6,1
"135","1","spoli_c_343",1,7,1
"136","1","spoli_c_343",2,8,0
"137","2","spoli_c_343",1,9,0
"138","1","spoli_c_343",1,10,1
"139","1","spoli_c_343",2,11,0
"140","1","spoli_c_343",1,12,1
"141","2","spoli_c_343",2,13,1
"142","2","spoli_c_343",2,14,1
"143","2","spoli_c_343",1,15,0
"144","2","spoli_c_343",1,16,0
"145","2","spoli_c_343",2,17,1
"146","2","spoli_c_343",1,18,0
"147","2","spoli_c_343",1,19,0
"148","2","spoli_c_343",2,20,1
"149","2","spoli_c_343",1,21,0
"150","2","spoli_c_343",2,22,1
"151","1","spoli_c_343",1,23,1
"152","1","spoli_c_343",2,24,0
"153","2","spoli_c_343",1,25,0
"154","1","spoli_c_343",2,26,0
"155","2","spoli_c_343",2,27,1
"156","1","spoli_c_343",1,28,1
"157","1","spoli_c_343",1,29,1
"158","1","spoli_c_343",2,30,0
"159","1","spoli_c_343",2,31,0
"160","2","spoli_c_343",1,32,0
"161","2","spoli_c_346",1,1,0
"162","1","spoli_c_346",2,2,0
"163","1","spoli_c_346",2,3,0
"164","1","spoli_c_346",1,4,1
"165","1","spoli_c_346",2,5,0
"166","1","spoli_c_346",2,6,0
"167","1","spoli_c_346",1,7,1
"168","1","spoli_c_346",2,8,0
"169","1","spoli_c_346",1,9,1
"170","1","spoli_c_346",1,10,1
"171","1","spoli_c_346",2,11,0
"172","1","spoli_c_346",1,12,1
"173","1","spoli_c_346",2,13,0
"174","1","spoli_c_346",2,14,0
"175","1","spoli_c_346",1,15,1
"176","1","spoli_c_346",1,16,1
"177","1","spoli_c_346",2,17,0
"178","1","spoli_c_346",1,18,1
"179","1","spoli_c_346",1,19,1
"180","1","spoli_c_346",2,20,0
"181","1","spoli_c_346",1,21,1
"182","1","spoli_c_346",2,22,0
"183","1","spoli_c_346",1,23,1
"184","1","spoli_c_346",2,24,0
"185","1","spoli_c_346",1,25,1
"186","1","spoli_c_346",2,26,0
"187","1","spoli_c_346",2,27,0
"188","1","spoli_c_346",1,28,1
"189","1","spoli_c_346",1,29,1
"190","1","spoli_c_346",2,30,0
"191","1","spoli_c_346",2,31,0
"192","1","spoli_c_346",1,32,1
"193","1","spoli_c_379",1,1,1
"194","2","spoli_c_379",2,2,1
"195","1","spoli_c_379",2,3,0
"196","1","spoli_c_379",1,4,1
"197","2","spoli_c_379",2,5,1
"198","1","spoli_c_379",2,6,0
"199","2","spoli_c_379",1,7,0
"200","2","spoli_c_379",2,8,1
"201","2","spoli_c_379",1,9,0
"202","1","spoli_c_379",1,10,1
"203","1","spoli_c_379",2,11,0
"204","1","spoli_c_379",1,12,1
"205","2","spoli_c_379",2,13,1
"206","2","spoli_c_379",2,14,1
"207","2","spoli_c_379",1,15,0
"208","2","spoli_c_379",1,16,0
"209","2","spoli_c_379",2,17,1
"210","1","spoli_c_379",1,18,1
"211","1","spoli_c_379",1,19,1
"212","1","spoli_c_379",2,20,0
"213","1","spoli_c_379",1,21,1
"214","1","spoli_c_379",2,22,0
"215","1","spoli_c_379",1,23,1
"216","1","spoli_c_379",2,24,0
"217","2","spoli_c_379",1,25,0
"218","2","spoli_c_379",2,26,1
"219","2","spoli_c_379",2,27,1
"220","1","spoli_c_379",1,28,1
"221","1","spoli_c_379",1,29,1
"222","1","spoli_c_379",2,30,0
"223","2","spoli_c_379",2,31,1
"224","2","spoli_c_379",1,32,0
"225","1","spoli_c_391",1,1,1
"226","1","spoli_c_391",2,2,0
"227","1","spoli_c_391",2,3,0
"228","2","spoli_c_391",1,4,0
"229","1","spoli_c_391",2,5,0
"230","2","spoli_c_391",2,6,1
"231","1","spoli_c_391",1,7,1
"232","1","spoli_c_391",2,8,0
"233","2","spoli_c_391",1,9,0
"234","1","spoli_c_391",1,10,1
"235","1","spoli_c_391",2,11,0
"236","1","spoli_c_391",1,12,1
"237","2","spoli_c_391",2,13,1
"238","1","spoli_c_391",2,14,0
"239","1","spoli_c_391",1,15,1
"240","2","spoli_c_391",1,16,0
"241","1","spoli_c_391",2,17,0
"242","2","spoli_c_391",1,18,0
"243","1","spoli_c_391",1,19,1
"244","1","spoli_c_391",2,20,0
"245","1","spoli_c_391",1,21,1
"246","1","spoli_c_391",2,22,0
"247","1","spoli_c_391",1,23,1
"248","1","spoli_c_391",2,24,0
"249","1","spoli_c_391",1,25,1
"250","2","spoli_c_391",2,26,1
"251","2","spoli_c_391",2,27,1
"252","1","spoli_c_391",1,28,1
"253","2","spoli_c_391",1,29,0
"254","2","spoli_c_391",2,30,1
"255","2","spoli_c_391",2,31,1
"256","2","spoli_c_391",1,32,0
"257","1","spoli_c_396",1,1,1
"258","2","spoli_c_396",2,2,1
"259","1","spoli_c_396",2,3,0
"260","2","spoli_c_396",1,4,0
"261","1","spoli_c_396",2,5,0
"262","2","spoli_c_396",2,6,1
"263","1","spoli_c_396",1,7,1
"264","1","spoli_c_396",2,8,0
"265","1","spoli_c_396",1,9,1
"266","1","spoli_c_396",1,10,1
"267","1","spoli_c_396",2,11,0
"268","2","spoli_c_396",1,12,0
"269","2","spoli_c_396",2,13,1
"270","1","spoli_c_396",2,14,0
"271","2","spoli_c_396",1,15,0
"272","1","spoli_c_396",1,16,1
"273","1","spoli_c_396",2,17,0
"274","2","spoli_c_396",1,18,0
"275","1","spoli_c_396",1,19,1
"276","1","spoli_c_396",2,20,0
"277","2","spoli_c_396",1,21,0
"278","2","spoli_c_396",2,22,1
"279","2","spoli_c_396",1,23,0
"280","1","spoli_c_396",2,24,0
"281","1","spoli_c_396",1,25,1
"282","2","spoli_c_396",2,26,1
"283","1","spoli_c_396",2,27,0
"284","1","spoli_c_396",1,28,1
"285","1","spoli_c_396",1,29,1
"286","1","spoli_c_396",2,30,0
"287","1","spoli_c_396",2,31,0
"288","1","spoli_c_396",1,32,1
"289","2","spoli_c_410",1,1,0
"290","2","spoli_c_410",2,2,1
"291","2","spoli_c_410",2,3,1
"292","1","spoli_c_410",1,4,1
"293","1","spoli_c_410",2,5,0
"294","2","spoli_c_410",2,6,1
"295","2","spoli_c_410",1,7,0
"296","2","spoli_c_410",2,8,1
"297","2","spoli_c_410",1,9,0
"298","1","spoli_c_410",1,10,1
"299","2","spoli_c_410",2,11,1
"300","1","spoli_c_410",1,12,1
"301","1","spoli_c_410",2,13,0
"302","2","spoli_c_410",2,14,1
"303","2","spoli_c_410",1,15,0
"304","1","spoli_c_410",1,16,1
"305","1","spoli_c_410",2,17,0
"306","1","spoli_c_410",1,18,1
"307","2","spoli_c_410",1,19,0
"308","1","spoli_c_410",2,20,0
"309","2","spoli_c_410",1,21,0
"310","1","spoli_c_410",2,22,0
"311","2","spoli_c_410",1,23,0
"312","1","spoli_c_410",2,24,0
"313","2","spoli_c_410",1,25,0
"314","1","spoli_c_410",2,26,0
"315","2","spoli_c_410",2,27,1
"316","1","spoli_c_410",1,28,1
"317","2","spoli_c_410",1,29,0
"318","1","spoli_c_410",2,30,0
"319","2","spoli_c_410",2,31,1
"320","2","spoli_c_410",1,32,0
"321","1","spoli_c_419",1,1,1
"322","1","spoli_c_419",2,2,0
"323","2","spoli_c_419",2,3,1
"324","1","spoli_c_419",1,4,1
"325","1","spoli_c_419",2,5,0
"326","2","spoli_c_419",2,6,1
"327","1","spoli_c_419",1,7,1
"328","1","spoli_c_419",2,8,0
"329","1","spoli_c_419",1,9,1
"330","2","spoli_c_419",1,10,0
"331","1","spoli_c_419",2,11,0
"332","1","spoli_c_419",1,12,1
"333","1","spoli_c_419",2,13,0
"334","1","spoli_c_419",2,14,0
"335","1","spoli_c_419",1,15,1
"336","1","spoli_c_419",1,16,1
"337","1","spoli_c_419",2,17,0
"338","2","spoli_c_419",1,18,0
"339","2","spoli_c_419",1,19,0
"340","1","spoli_c_419",2,20,0
"341","1","spoli_c_419",1,21,1
"342","2","spoli_c_419",2,22,1
"343","2","spoli_c_419",1,23,0
"344","1","spoli_c_419",2,24,0
"345","1","spoli_c_419",1,25,1
"346","1","spoli_c_419",2,26,0
"347","1","spoli_c_419",2,27,0
"348","1","spoli_c_419",1,28,1
"349","1","spoli_c_419",1,29,1
"350","1","spoli_c_419",2,30,0
"351","2","spoli_c_419",2,31,1
"352","1","spoli_c_419",1,32,1
"353","1","spoli_c_439",1,1,1
"354","1","spoli_c_439",2,2,0
"355","2","spoli_c_439",2,3,1
"356","1","spoli_c_439",1,4,1
"357","2","spoli_c_439",2,5,1
"358","2","spoli_c_439",2,6,1
"359","1","spoli_c_439",1,7,1
"360","2","spoli_c_439",2,8,1
"361","1","spoli_c_439",1,9,1
"362","1","spoli_c_439",1,10,1
"363","2","spoli_c_439",2,11,1
"364","1","spoli_c_439",1,12,1
"365","2","spoli_c_439",2,13,1
"366","1","spoli_c_439",2,14,0
"367","1","spoli_c_439",1,15,1
"368","2","spoli_c_439",1,16,0
"369","2","spoli_c_439",2,17,1
"370","1","spoli_c_439",1,18,1
"371","1","spoli_c_439",1,19,1
"372","1","spoli_c_439",2,20,0
"373","1","spoli_c_439",1,21,1
"374","1","spoli_c_439",2,22,0
"375","1","spoli_c_439",1,23,1
"376","1","spoli_c_439",2,24,0
"377","2","spoli_c_439",1,25,0
"378","2","spoli_c_439",2,26,1
"379","2","spoli_c_439",2,27,1
"380","1","spoli_c_439",1,28,1
"381","1","spoli_c_439",1,29,1
"382","2","spoli_c_439",2,30,1
"383","1","spoli_c_439",2,31,0
"384","1","spoli_c_439",1,32,1
"385","1","spoli_c_444",1,1,1
"386","1","spoli_c_444",2,2,0
"387","1","spoli_c_444",2,3,0
"388","2","spoli_c_444",1,4,0
"389","1","spoli_c_444",2,5,0
"390","2","spoli_c_444",2,6,1
"391","1","spoli_c_444",1,7,1
"392","1","spoli_c_444",2,8,0
"393","1","spoli_c_444",1,9,1
"394","1","spoli_c_444",1,10,1
"395","2","spoli_c_444",2,11,1
"396","1","spoli_c_444",1,12,1
"397","1","spoli_c_444",2,13,0
"398","1","spoli_c_444",2,14,0
"399","2","spoli_c_444",1,15,0
"400","2","spoli_c_444",1,16,0
"401","2","spoli_c_444",2,17,1
"402","1","spoli_c_444",1,18,1
"403","2","spoli_c_444",1,19,0
"404","1","spoli_c_444",2,20,0
"405","2","spoli_c_444",1,21,0
"406","1","spoli_c_444",2,22,0
"407","1","spoli_c_444",1,23,1
"408","2","spoli_c_444",2,24,1
"409","2","spoli_c_444",1,25,0
"410","1","spoli_c_444",2,26,0
"411","1","spoli_c_444",2,27,0
"412","2","spoli_c_444",1,28,0
"413","2","spoli_c_444",1,29,0
"414","1","spoli_c_444",2,30,0
"415","2","spoli_c_444",2,31,1
"416","2","spoli_c_444",1,32,0
"417","2","spoli_c_447",1,1,0
"418","1","spoli_c_447",2,2,0
"419","1","spoli_c_447",2,3,0
"420","2","spoli_c_447",1,4,0
"421","2","spoli_c_447",2,5,1
"422","1","spoli_c_447",2,6,0
"423","1","spoli_c_447",1,7,1
"424","2","spoli_c_447",2,8,1
"425","2","spoli_c_447",1,9,0
"426","2","spoli_c_447",1,10,0
"427","1","spoli_c_447",2,11,0
"428","2","spoli_c_447",1,12,0
"429","2","spoli_c_447",2,13,1
"430","1","spoli_c_447",2,14,0
"431","2","spoli_c_447",1,15,0
"432","2","spoli_c_447",1,16,0
"433","1","spoli_c_447",2,17,0
"434","2","spoli_c_447",1,18,0
"435","1","spoli_c_447",1,19,1
"436","2","spoli_c_447",2,20,1
"437","1","spoli_c_447",1,21,1
"438","1","spoli_c_447",2,22,0
"439","1","spoli_c_447",1,23,1
"440","1","spoli_c_447",2,24,0
"441","1","spoli_c_447",1,25,1
"442","2","spoli_c_447",2,26,1
"443","1","spoli_c_447",2,27,0
"444","2","spoli_c_447",1,28,0
"445","1","spoli_c_447",1,29,1
"446","1","spoli_c_447",2,30,0
"447","2","spoli_c_447",2,31,1
"448","2","spoli_c_447",1,32,0
"449","1","spoli_c_448",1,1,1
"450","2","spoli_c_448",2,2,1
"451","2","spoli_c_448",2,3,1
"452","2","spoli_c_448",1,4,0
"453","2","spoli_c_448",2,5,1
"454","2","spoli_c_448",2,6,1
"455","2","spoli_c_448",1,7,0
"456","1","spoli_c_448",2,8,0
"457","2","spoli_c_448",1,9,0
"458","2","spoli_c_448",1,10,0
"459","1","spoli_c_448",2,11,0
"460","1","spoli_c_448",1,12,1
"461","1","spoli_c_448",2,13,0
"462","1","spoli_c_448",2,14,0
"463","2","spoli_c_448",1,15,0
"464","1","spoli_c_448",1,16,1
"465","1","spoli_c_448",2,17,0
"466","1","spoli_c_448",1,18,1
"467","2","spoli_c_448",1,19,0
"468","2","spoli_c_448",2,20,1
"469","2","spoli_c_448",1,21,0
"470","1","spoli_c_448",2,22,0
"471","1","spoli_c_448",1,23,1
"472","1","spoli_c_448",2,24,0
"473","1","spoli_c_448",1,25,1
"474","1","spoli_c_448",2,26,0
"475","1","spoli_c_448",2,27,0
"476","1","spoli_c_448",1,28,1
"477","1","spoli_c_448",1,29,1
"478","2","spoli_c_448",2,30,1
"479","2","spoli_c_448",2,31,1
"480","2","spoli_c_448",1,32,0
"481","1","spoli_c_450",1,1,1
"482","2","spoli_c_450",2,2,1
"483","2","spoli_c_450",2,3,1
"484","2","spoli_c_450",1,4,0
"485","2","spoli_c_450",2,5,1
"486","2","spoli_c_450",2,6,1
"487","2","spoli_c_450",1,7,0
"488","2","spoli_c_450",2,8,1
"489","2","spoli_c_450",1,9,0
"490","2","spoli_c_450",1,10,0
"491","2","spoli_c_450",2,11,1
"492","2","spoli_c_450",1,12,0
"493","2","spoli_c_450",2,13,1
"494","2","spoli_c_450",2,14,1
"495","2","spoli_c_450",1,15,0
"496","2","spoli_c_450",1,16,0
"497","2","spoli_c_450",2,17,1
"498","2","spoli_c_450",1,18,0
"499","2","spoli_c_450",1,19,0
"500","2","spoli_c_450",2,20,1
"501","2","spoli_c_450",1,21,0
"502","2","spoli_c_450",2,22,1
"503","2","spoli_c_450",1,23,0
"504","2","spoli_c_450",2,24,1
"505","2","spoli_c_450",1,25,0
"506","2","spoli_c_450",2,26,1
"507","2","spoli_c_450",2,27,1
"508","2","spoli_c_450",1,28,0
"509","2","spoli_c_450",1,29,0
"510","2","spoli_c_450",2,30,1
"511","2","spoli_c_450",2,31,1
"512","2","spoli_c_450",1,32,0
"513","1","spoli_c_451",1,1,1
"514","2","spoli_c_451",2,2,1
"515","1","spoli_c_451",2,3,0
"516","2","spoli_c_451",1,4,0
"517","1","spoli_c_451",2,5,0
"518","2","spoli_c_451",2,6,1
"519","1","spoli_c_451",1,7,1
"520","1","spoli_c_451",2,8,0
"521","1","spoli_c_451",1,9,1
"522","2","spoli_c_451",1,10,0
"523","1","spoli_c_451",2,11,0
"524","1","spoli_c_451",1,12,1
"525","1","spoli_c_451",2,13,0
"526","1","spoli_c_451",2,14,0
"527","2","spoli_c_451",1,15,0
"528","1","spoli_c_451",1,16,1
"529","1","spoli_c_451",2,17,0
"530","1","spoli_c_451",1,18,1
"531","2","spoli_c_451",1,19,0
"532","2","spoli_c_451",2,20,1
"533","1","spoli_c_451",1,21,1
"534","1","spoli_c_451",2,22,0
"535","1","spoli_c_451",1,23,1
"536","2","spoli_c_451",2,24,1
"537","1","spoli_c_451",1,25,1
"538","2","spoli_c_451",2,26,1
"539","1","spoli_c_451",2,27,0
"540","2","spoli_c_451",1,28,0
"541","1","spoli_c_451",1,29,1
"542","2","spoli_c_451",2,30,1
"543","2","spoli_c_451",2,31,1
"544","1","spoli_c_451",1,32,1
"545","1","spoli_c_452",1,1,1
"546","1","spoli_c_452",2,2,0
"547","1","spoli_c_452",2,3,0
"548","1","spoli_c_452",1,4,1
"549","1","spoli_c_452",2,5,0
"550","1","spoli_c_452",2,6,0
"551","2","spoli_c_452",1,7,0
"552","1","spoli_c_452",2,8,0
"553","2","spoli_c_452",1,9,0
"554","1","spoli_c_452",1,10,1
"555","2","spoli_c_452",2,11,1
"556","1","spoli_c_452",1,12,1
"557","1","spoli_c_452",2,13,0
"558","1","spoli_c_452",2,14,0
"559","2","spoli_c_452",1,15,0
"560","1","spoli_c_452",1,16,1
"561","2","spoli_c_452",2,17,1
"562","1","spoli_c_452",1,18,1
"563","1","spoli_c_452",1,19,1
"564","2","spoli_c_452",2,20,1
"565","1","spoli_c_452",1,21,1
"566","2","spoli_c_452",2,22,1
"567","2","spoli_c_452",1,23,0
"568","1","spoli_c_452",2,24,0
"569","1","spoli_c_452",1,25,1
"570","1","spoli_c_452",2,26,0
"571","2","spoli_c_452",2,27,1
"572","2","spoli_c_452",1,28,0
"573","1","spoli_c_452",1,29,1
"574","2","spoli_c_452",2,30,1
"575","1","spoli_c_452",2,31,0
"576","2","spoli_c_452",1,32,0
"577","2","spoli_c_478",1,1,0
"578","1","spoli_c_478",2,2,0
"579","1","spoli_c_478",2,3,0
"580","2","spoli_c_478",1,4,0
"581","2","spoli_c_478",2,5,1
"582","1","spoli_c_478",2,6,0
"583","2","spoli_c_478",1,7,0
"584","1","spoli_c_478",2,8,0
"585","1","spoli_c_478",1,9,1
"586","2","spoli_c_478",1,10,0
"587","1","spoli_c_478",2,11,0
"588","1","spoli_c_478",1,12,1
"589","2","spoli_c_478",2,13,1
"590","1","spoli_c_478",2,14,0
"591","1","spoli_c_478",1,15,1
"592","2","spoli_c_478",1,16,0
"593","1","spoli_c_478",2,17,0
"594","1","spoli_c_478",1,18,1
"595","1","spoli_c_478",1,19,1
"596","1","spoli_c_478",2,20,0
"597","1","spoli_c_478",1,21,1
"598","1","spoli_c_478",2,22,0
"599","1","spoli_c_478",1,23,1
"600","1","spoli_c_478",2,24,0
"601","1","spoli_c_478",1,25,1
"602","2","spoli_c_478",2,26,1
"603","1","spoli_c_478",2,27,0
"604","1","spoli_c_478",1,28,1
"605","1","spoli_c_478",1,29,1
"606","1","spoli_c_478",2,30,0
"607","1","spoli_c_478",2,31,0
"608","2","spoli_c_478",1,32,0
"609","2","spoli_c_487",1,1,0
"610","1","spoli_c_487",2,2,0
"611","2","spoli_c_487",2,3,1
"612","1","spoli_c_487",1,4,1
"613","1","spoli_c_487",2,5,0
"614","2","spoli_c_487",2,6,1
"615","1","spoli_c_487",1,7,1
"616","1","spoli_c_487",2,8,0
"617","2","spoli_c_487",1,9,0
"618","2","spoli_c_487",1,10,0
"619","1","spoli_c_487",2,11,0
"620","2","spoli_c_487",1,12,0
"621","2","spoli_c_487",2,13,1
"622","1","spoli_c_487",2,14,0
"623","2","spoli_c_487",1,15,0
"624","1","spoli_c_487",1,16,1
"625","2","spoli_c_487",2,17,1
"626","1","spoli_c_487",1,18,1
"627","2","spoli_c_487",1,19,0
"628","1","spoli_c_487",2,20,0
"629","2","spoli_c_487",1,21,0
"630","1","spoli_c_487",2,22,0
"631","2","spoli_c_487",1,23,0
"632","1","spoli_c_487",2,24,0
"633","2","spoli_c_487",1,25,0
"634","1","spoli_c_487",2,26,0
"635","2","spoli_c_487",2,27,1
"636","1","spoli_c_487",1,28,1
"637","2","spoli_c_487",1,29,0
"638","1","spoli_c_487",2,30,0
"639","2","spoli_c_487",2,31,1
"640","1","spoli_c_487",1,32,1
"641","2","spoli_c_494",1,1,0
"642","2","spoli_c_494",2,2,1
"643","2","spoli_c_494",2,3,1
"644","2","spoli_c_494",1,4,0
"645","1","spoli_c_494",2,5,0
"646","1","spoli_c_494",2,6,0
"647","2","spoli_c_494",1,7,0
"648","2","spoli_c_494",2,8,1
"649","1","spoli_c_494",1,9,1
"650","2","spoli_c_494",1,10,0
"651","2","spoli_c_494",2,11,1
"652","2","spoli_c_494",1,12,0
"653","2","spoli_c_494",2,13,1
"654","2","spoli_c_494",2,14,1
"655","2","spoli_c_494",1,15,0
"656","1","spoli_c_494",1,16,1
"657","2","spoli_c_494",2,17,1
"658","2","spoli_c_494",1,18,0
"659","1","spoli_c_494",1,19,1
"660","2","spoli_c_494",2,20,1
"661","1","spoli_c_494",1,21,1
"662","2","spoli_c_494",2,22,1
"663","2","spoli_c_494",1,23,0
"664","1","spoli_c_494",2,24,0
"665","2","spoli_c_494",1,25,0
"666","2","spoli_c_494",2,26,1
"667","1","spoli_c_494",2,27,0
"668","1","spoli_c_494",1,28,1
"669","2","spoli_c_494",1,29,0
"670","1","spoli_c_494",2,30,0
"671","1","spoli_c_494",2,31,0
"672","2","spoli_c_494",1,32,0
"673","2","spoli_c_500",1,1,0
"674","1","spoli_c_500",2,2,0
"675","2","spoli_c_500",2,3,1
"676","2","spoli_c_500",1,4,0
"677","1","spoli_c_500",2,5,0
"678","1","spoli_c_500",2,6,0
"679","2","spoli_c_500",1,7,0
"680","1","spoli_c_500",2,8,0
"681","1","spoli_c_500",1,9,1
"682","2","spoli_c_500",1,10,0
"683","1","spoli_c_500",2,11,0
"684","1","spoli_c_500",1,12,1
"685","2","spoli_c_500",2,13,1
"686","2","spoli_c_500",2,14,1
"687","1","spoli_c_500",1,15,1
"688","1","spoli_c_500",1,16,1
"689","1","spoli_c_500",2,17,0
"690","1","spoli_c_500",1,18,1
"691","1","spoli_c_500",1,19,1
"692","1","spoli_c_500",2,20,0
"693","2","spoli_c_500",1,21,0
"694","2","spoli_c_500",2,22,1
"695","2","spoli_c_500",1,23,0
"696","2","spoli_c_500",2,24,1
"697","2","spoli_c_500",1,25,0
"698","2","spoli_c_500",2,26,1
"699","2","spoli_c_500",2,27,1
"700","1","spoli_c_500",1,28,1
"701","2","spoli_c_500",1,29,0
"702","1","spoli_c_500",2,30,0
"703","2","spoli_c_500",2,31,1
"704","2","spoli_c_500",1,32,0
"705","1","spoli_c_501",1,1,1
"706","2","spoli_c_501",2,2,1
"707","1","spoli_c_501",2,3,0
"708","2","spoli_c_501",1,4,0
"709","2","spoli_c_501",2,5,1
"710","1","spoli_c_501",2,6,0
"711","2","spoli_c_501",1,7,0
"712","1","spoli_c_501",2,8,0
"713","2","spoli_c_501",1,9,0
"714","1","spoli_c_501",1,10,1
"715","2","spoli_c_501",2,11,1
"716","2","spoli_c_501",1,12,0
"717","2","spoli_c_501",2,13,1
"718","1","spoli_c_501",2,14,0
"719","2","spoli_c_501",1,15,0
"720","1","spoli_c_501",1,16,1
"721","2","spoli_c_501",2,17,1
"722","2","spoli_c_501",1,18,0
"723","2","spoli_c_501",1,19,0
"724","2","spoli_c_501",2,20,1
"725","2","spoli_c_501",1,21,0
"726","2","spoli_c_501",2,22,1
"727","1","spoli_c_501",1,23,1
"728","2","spoli_c_501",2,24,1
"729","2","spoli_c_501",1,25,0
"730","2","spoli_c_501",2,26,1
"731","1","spoli_c_501",2,27,0
"732","2","spoli_c_501",1,28,0
"733","1","spoli_c_501",1,29,1
"734","1","spoli_c_501",2,30,0
"735","2","spoli_c_501",2,31,1
"736","2","spoli_c_501",1,32,0
"737","1","spoli_c_508",1,1,1
"738","1","spoli_c_508",2,2,0
"739","2","spoli_c_508",2,3,1
"740","2","spoli_c_508",1,4,0
"741","2","spoli_c_508",2,5,1
"742","2","spoli_c_508",2,6,1
"743","2","spoli_c_508",1,7,0
"744","2","spoli_c_508",2,8,1
"745","2","spoli_c_508",1,9,0
"746","2","spoli_c_508",1,10,0
"747","1","spoli_c_508",2,11,0
"748","2","spoli_c_508",1,12,0
"749","2","spoli_c_508",2,13,1
"750","1","spoli_c_508",2,14,0
"751","2","spoli_c_508",1,15,0
"752","2","spoli_c_508",1,16,0
"753","2","spoli_c_508",2,17,1
"754","1","spoli_c_508",1,18,1
"755","2","spoli_c_508",1,19,0
"756","1","spoli_c_508",2,20,0
"757","2","spoli_c_508",1,21,0
"758","1","spoli_c_508",2,22,0
"759","2","spoli_c_508",1,23,0
"760","2","spoli_c_508",2,24,1
"761","2","spoli_c_508",1,25,0
"762","2","spoli_c_508",2,26,1
"763","2","spoli_c_508",2,27,1
"764","2","spoli_c_508",1,28,0
"765","2","spoli_c_508",1,29,0
"766","2","spoli_c_508",2,30,1
"767","2","spoli_c_508",2,31,1
"768","2","spoli_c_508",1,32,0
"769","1","spoli_c_522",1,1,1
"770","2","spoli_c_522",2,2,1
"771","2","spoli_c_522",2,3,1
"772","1","spoli_c_522",1,4,1
"773","2","spoli_c_522",2,5,1
"774","1","spoli_c_522",2,6,0
"775","1","spoli_c_522",1,7,1
"776","2","spoli_c_522",2,8,1
"777","1","spoli_c_522",1,9,1
"778","1","spoli_c_522",1,10,1
"779","2","spoli_c_522",2,11,1
"780","2","spoli_c_522",1,12,0
"781","2","spoli_c_522",2,13,1
"782","1","spoli_c_522",2,14,0
"783","2","spoli_c_522",1,15,0
"784","2","spoli_c_522",1,16,0
"785","1","spoli_c_522",2,17,0
"786","2","spoli_c_522",1,18,0
"787","1","spoli_c_522",1,19,1
"788","2","spoli_c_522",2,20,1
"789","2","spoli_c_522",1,21,0
"790","2","spoli_c_522",2,22,1
"791","2","spoli_c_522",1,23,0
"792","1","spoli_c_522",2,24,0
"793","1","spoli_c_522",1,25,1
"794","1","spoli_c_522",2,26,0
"795","1","spoli_c_522",2,27,0
"796","1","spoli_c_522",1,28,1
"797","1","spoli_c_522",1,29,1
"798","1","spoli_c_522",2,30,0
"799","2","spoli_c_522",2,31,1
"800","1","spoli_c_522",1,32,1
"801","1","spoli_c_537",1,1,1
"802","2","spoli_c_537",2,2,1
"803","1","spoli_c_537",2,3,0
"804","2","spoli_c_537",1,4,0
"805","1","spoli_c_537",2,5,0
"806","2","spoli_c_537",2,6,1
"807","2","spoli_c_537",1,7,0
"808","1","spoli_c_537",2,8,0
"809","2","spoli_c_537",1,9,0
"810","1","spoli_c_537",1,10,1
"811","2","spoli_c_537",2,11,1
"812","1","spoli_c_537",1,12,1
"813","2","spoli_c_537",2,13,1
"814","1","spoli_c_537",2,14,0
"815","2","spoli_c_537",1,15,0
"816","1","spoli_c_537",1,16,1
"817","2","spoli_c_537",2,17,1
"818","1","spoli_c_537",1,18,1
"819","2","spoli_c_537",1,19,0
"820","1","spoli_c_537",2,20,0
"821","2","spoli_c_537",1,21,0
"822","2","spoli_c_537",2,22,1
"823","1","spoli_c_537",1,23,1
"824","2","spoli_c_537",2,24,1
"825","2","spoli_c_537",1,25,0
"826","1","spoli_c_537",2,26,0
"827","2","spoli_c_537",2,27,1
"828","1","spoli_c_537",1,28,1
"829","2","spoli_c_537",1,29,0
"830","1","spoli_c_537",2,30,0
"831","1","spoli_c_537",2,31,0
"832","2","spoli_c_537",1,32,0
"833","1","spoli_c_563",1,1,1
"834","1","spoli_c_563",2,2,0
"835","2","spoli_c_563",2,3,1
"836","1","spoli_c_563",1,4,1
"837","1","spoli_c_563",2,5,0
"838","2","spoli_c_563",2,6,1
"839","1","spoli_c_563",1,7,1
"840","2","spoli_c_563",2,8,1
"841","1","spoli_c_563",1,9,1
"842","1","spoli_c_563",1,10,1
"843","2","spoli_c_563",2,11,1
"844","1","spoli_c_563",1,12,1
"845","2","spoli_c_563",2,13,1
"846","1","spoli_c_563",2,14,0
"847","2","spoli_c_563",1,15,0
"848","1","spoli_c_563",1,16,1
"849","2","spoli_c_563",2,17,1
"850","1","spoli_c_563",1,18,1
"851","2","spoli_c_563",1,19,0
"852","1","spoli_c_563",2,20,0
"853","2","spoli_c_563",1,21,0
"854","2","spoli_c_563",2,22,1
"855","1","spoli_c_563",1,23,1
"856","2","spoli_c_563",2,24,1
"857","1","spoli_c_563",1,25,1
"858","2","spoli_c_563",2,26,1
"859","1","spoli_c_563",2,27,0
"860","2","spoli_c_563",1,28,0
"861","1","spoli_c_563",1,29,1
"862","1","spoli_c_563",2,30,0
"863","2","spoli_c_563",2,31,1
"864","1","spoli_c_563",1,32,1
"865","2","spoli_c_583",1,1,0
"866","2","spoli_c_583",2,2,1
"867","1","spoli_c_583",2,3,0
"868","2","spoli_c_583",1,4,0
"869","2","spoli_c_583",2,5,1
"870","2","spoli_c_583",2,6,1
"871","1","spoli_c_583",1,7,1
"872","2","spoli_c_583",2,8,1
"873","2","spoli_c_583",1,9,0
"874","2","spoli_c_583",1,10,0
"875","1","spoli_c_583",2,11,0
"876","2","spoli_c_583",1,12,0
"877","1","spoli_c_583",2,13,0
"878","1","spoli_c_583",2,14,0
"879","2","spoli_c_583",1,15,0
"880","1","spoli_c_583",1,16,1
"881","1","spoli_c_583",2,17,0
"882","1","spoli_c_583",1,18,1
"883","1","spoli_c_583",1,19,1
"884","2","spoli_c_583",2,20,1
"885","1","spoli_c_583",1,21,1
"886","1","spoli_c_583",2,22,0
"887","2","spoli_c_583",1,23,0
"888","1","spoli_c_583",2,24,0
"889","2","spoli_c_583",1,25,0
"890","1","spoli_c_583",2,26,0
"891","2","spoli_c_583",2,27,1
"892","1","spoli_c_583",1,28,1
"893","2","spoli_c_583",1,29,0
"894","1","spoli_c_583",2,30,0
"895","1","spoli_c_583",2,31,0
"896","2","spoli_c_583",1,32,0
"897","1","spoli_c_608",1,1,1
"898","1","spoli_c_608",2,2,0
"899","1","spoli_c_608",2,3,0
"900","2","spoli_c_608",1,4,0
"901","2","spoli_c_608",2,5,1
"902","1","spoli_c_608",2,6,0
"903","2","spoli_c_608",1,7,0
"904","2","spoli_c_608",2,8,1
"905","1","spoli_c_608",1,9,1
"906","2","spoli_c_608",1,10,0
"907","1","spoli_c_608",2,11,0
"908","2","spoli_c_608",1,12,0
"909","1","spoli_c_608",2,13,0
"910","1","spoli_c_608",2,14,0
"911","2","spoli_c_608",1,15,0
"912","2","spoli_c_608",1,16,0
"913","2","spoli_c_608",2,17,1
"914","2","spoli_c_608",1,18,0
"915","2","spoli_c_608",1,19,0
"916","2","spoli_c_608",2,20,1
"917","2","spoli_c_608",1,21,0
"918","2","spoli_c_608",2,22,1
"919","1","spoli_c_608",1,23,1
"920","1","spoli_c_608",2,24,0
"921","1","spoli_c_608",1,25,1
"922","1","spoli_c_608",2,26,0
"923","1","spoli_c_608",2,27,0
"924","1","spoli_c_608",1,28,1
"925","1","spoli_c_608",1,29,1
"926","1","spoli_c_608",2,30,0
"927","2","spoli_c_608",2,31,1
"928","2","spoli_c_608",1,32,0
"929","1","spoli_c_617",1,1,1
"930","1","spoli_c_617",2,2,0
"931","2","spoli_c_617",2,3,1
"932","1","spoli_c_617",1,4,1
"933","2","spoli_c_617",2,5,1
"934","2","spoli_c_617",2,6,1
"935","2","spoli_c_617",1,7,0
"936","2","spoli_c_617",2,8,1
"937","1","spoli_c_617",1,9,1
"938","2","spoli_c_617",1,10,0
"939","2","spoli_c_617",2,11,1
"940","1","spoli_c_617",1,12,1
"941","2","spoli_c_617",2,13,1
"942","2","spoli_c_617",2,14,1
"943","1","spoli_c_617",1,15,1
"944","2","spoli_c_617",1,16,0
"945","2","spoli_c_617",2,17,1
"946","1","spoli_c_617",1,18,1
"947","1","spoli_c_617",1,19,1
"948","1","spoli_c_617",2,20,0
"949","1","spoli_c_617",1,21,1
"950","2","spoli_c_617",2,22,1
"951","1","spoli_c_617",1,23,1
"952","2","spoli_c_617",2,24,1
"953","1","spoli_c_617",1,25,1
"954","2","spoli_c_617",2,26,1
"955","2","spoli_c_617",2,27,1
"956","1","spoli_c_617",1,28,1
"957","1","spoli_c_617",1,29,1
"958","2","spoli_c_617",2,30,1
"959","2","spoli_c_617",2,31,1
"960","1","spoli_c_617",1,32,1
"961","1","spoli_c_639",1,1,1
"962","1","spoli_c_639",2,2,0
"963","1","spoli_c_639",2,3,0
"964","1","spoli_c_639",1,4,1
"965","2","spoli_c_639",2,5,1
"966","1","spoli_c_639",2,6,0
"967","1","spoli_c_639",1,7,1
"968","1","spoli_c_639",2,8,0
"969","1","spoli_c_639",1,9,1
"970","1","spoli_c_639",1,10,1
"971","1","spoli_c_639",2,11,0
"972","2","spoli_c_639",1,12,0
"973","1","spoli_c_639",2,13,0
"974","2","spoli_c_639",2,14,1
"975","2","spoli_c_639",1,15,0
"976","2","spoli_c_639",1,16,0
"977","2","spoli_c_639",2,17,1
"978","2","spoli_c_639",1,18,0
"979","1","spoli_c_639",1,19,1
"980","1","spoli_c_639",2,20,0
"981","1","spoli_c_639",1,21,1
"982","1","spoli_c_639",2,22,0
"983","1","spoli_c_639",1,23,1
"984","1","spoli_c_639",2,24,0
"985","1","spoli_c_639",1,25,1
"986","1","spoli_c_639",2,26,0
"987","1","spoli_c_639",2,27,0
"988","1","spoli_c_639",1,28,1
"989","1","spoli_c_639",1,29,1
"990","2","spoli_c_639",2,30,1
"991","1","spoli_c_639",2,31,0
"992","1","spoli_c_639",1,32,1
"993","1","spoli_c_640",1,1,1
"994","1","spoli_c_640",2,2,0
"995","2","spoli_c_640",2,3,1
"996","1","spoli_c_640",1,4,1
"997","2","spoli_c_640",2,5,1
"998","1","spoli_c_640",2,6,0
"999","2","spoli_c_640",1,7,0
"1000","1","spoli_c_640",2,8,0
"1001","1","spoli_c_640",1,9,1
"1002","1","spoli_c_640",1,10,1
"1003","1","spoli_c_640",2,11,0
"1004","2","spoli_c_640",1,12,0
"1005","1","spoli_c_640",2,13,0
"1006","2","spoli_c_640",2,14,1
"1007","1","spoli_c_640",1,15,1
"1008","1","spoli_c_640",1,16,1
"1009","2","spoli_c_640",2,17,1
"1010","1","spoli_c_640",1,18,1
"1011","1","spoli_c_640",1,19,1
"1012","2","spoli_c_640",2,20,1
"1013","2","spoli_c_640",1,21,0
"1014","1","spoli_c_640",2,22,0
"1015","2","spoli_c_640",1,23,0
"1016","1","spoli_c_640",2,24,0
"1017","2","spoli_c_640",1,25,0
"1018","1","spoli_c_640",2,26,0
"1019","2","spoli_c_640",2,27,1
"1020","2","spoli_c_640",1,28,0
"1021","1","spoli_c_640",1,29,1
"1022","2","spoli_c_640",2,30,1
"1023","1","spoli_c_640",2,31,0
"1024","1","spoli_c_640",1,32,1
"1025","1","spoli_c_644",1,1,1
"1026","1","spoli_c_644",2,2,0
"1027","2","spoli_c_644",2,3,1
"1028","1","spoli_c_644",1,4,1
"1029","1","spoli_c_644",2,5,0
"1030","2","spoli_c_644",2,6,1
"1031","1","spoli_c_644",1,7,1
"1032","2","spoli_c_644",2,8,1
"1033","2","spoli_c_644",1,9,0
"1034","1","spoli_c_644",1,10,1
"1035","2","spoli_c_644",2,11,1
"1036","2","spoli_c_644",1,12,0
"1037","1","spoli_c_644",2,13,0
"1038","2","spoli_c_644",2,14,1
"1039","2","spoli_c_644",1,15,0
"1040","1","spoli_c_644",1,16,1
"1041","1","spoli_c_644",2,17,0
"1042","2","spoli_c_644",1,18,0
"1043","1","spoli_c_644",1,19,1
"1044","2","spoli_c_644",2,20,1
"1045","2","spoli_c_644",1,21,0
"1046","2","spoli_c_644",2,22,1
"1047","1","spoli_c_644",1,23,1
"1048","1","spoli_c_644",2,24,0
"1049","1","spoli_c_644",1,25,1
"1050","2","spoli_c_644",2,26,1
"1051","2","spoli_c_644",2,27,1
"1052","1","spoli_c_644",1,28,1
"1053","1","spoli_c_644",1,29,1
"1054","1","spoli_c_644",2,30,0
"1055","1","spoli_c_644",2,31,0
"1056","1","spoli_c_644",1,32,1
"1057","1","spoli_c_647",1,1,1
"1058","1","spoli_c_647",2,2,0
"1059","1","spoli_c_647",2,3,0
"1060","1","spoli_c_647",1,4,1
"1061","1","spoli_c_647",2,5,0
"1062","1","spoli_c_647",2,6,0
"1063","1","spoli_c_647",1,7,1
"1064","1","spoli_c_647",2,8,0
"1065","1","spoli_c_647",1,9,1
"1066","1","spoli_c_647",1,10,1
"1067","1","spoli_c_647",2,11,0
"1068","1","spoli_c_647",1,12,1
"1069","1","spoli_c_647",2,13,0
"1070","1","spoli_c_647",2,14,0
"1071","1","spoli_c_647",1,15,1
"1072","1","spoli_c_647",1,16,1
"1073","1","spoli_c_647",2,17,0
"1074","1","spoli_c_647",1,18,1
"1075","1","spoli_c_647",1,19,1
"1076","1","spoli_c_647",2,20,0
"1077","1","spoli_c_647",1,21,1
"1078","1","spoli_c_647",2,22,0
"1079","2","spoli_c_647",1,23,0
"1080","1","spoli_c_647",2,24,0
"1081","1","spoli_c_647",1,25,1
"1082","1","spoli_c_647",2,26,0
"1083","1","spoli_c_647",2,27,0
"1084","1","spoli_c_647",1,28,1
"1085","1","spoli_c_647",1,29,1
"1086","1","spoli_c_647",2,30,0
"1087","1","spoli_c_647",2,31,0
"1088","1","spoli_c_647",1,32,1
"1089","1","spoli_c_651",1,1,1
"1090","2","spoli_c_651",2,2,1
"1091","1","spoli_c_651",2,3,0
"1092","2","spoli_c_651",1,4,0
"1093","1","spoli_c_651",2,5,0
"1094","2","spoli_c_651",2,6,1
"1095","1","spoli_c_651",1,7,1
"1096","2","spoli_c_651",2,8,1
"1097","1","spoli_c_651",1,9,1
"1098","1","spoli_c_651",1,10,1
"1099","2","spoli_c_651",2,11,1
"1100","2","spoli_c_651",1,12,0
"1101","2","spoli_c_651",2,13,1
"1102","1","spoli_c_651",2,14,0
"1103","2","spoli_c_651",1,15,0
"1104","1","spoli_c_651",1,16,1
"1105","2","spoli_c_651",2,17,1
"1106","1","spoli_c_651",1,18,1
"1107","1","spoli_c_651",1,19,1
"1108","2","spoli_c_651",2,20,1
"1109","1","spoli_c_651",1,21,1
"1110","2","spoli_c_651",2,22,1
"1111","1","spoli_c_651",1,23,1
"1112","2","spoli_c_651",2,24,1
"1113","1","spoli_c_651",1,25,1
"1114","2","spoli_c_651",2,26,1
"1115","2","spoli_c_651",2,27,1
"1116","1","spoli_c_651",1,28,1
"1117","1","spoli_c_651",1,29,1
"1118","2","spoli_c_651",2,30,1
"1119","2","spoli_c_651",2,31,1
"1120","1","spoli_c_651",1,32,1
"1121","1","spoli_c_677",1,1,1
"1122","1","spoli_c_677",2,2,0
"1123","2","spoli_c_677",2,3,1
"1124","2","spoli_c_677",1,4,0
"1125","1","spoli_c_677",2,5,0
"1126","1","spoli_c_677",2,6,0
"1127","1","spoli_c_677",1,7,1
"1128","2","spoli_c_677",2,8,1
"1129","1","spoli_c_677",1,9,1
"1130","1","spoli_c_677",1,10,1
"1131","2","spoli_c_677",2,11,1
"1132","2","spoli_c_677",1,12,0
"1133","1","spoli_c_677",2,13,0
"1134","2","spoli_c_677",2,14,1
"1135","1","spoli_c_677",1,15,1
"1136","2","spoli_c_677",1,16,0
"1137","1","spoli_c_677",2,17,0
"1138","2","spoli_c_677",1,18,0
"1139","1","spoli_c_677",1,19,1
"1140","2","spoli_c_677",2,20,1
"1141","1","spoli_c_677",1,21,1
"1142","2","spoli_c_677",2,22,1
"1143","1","spoli_c_677",1,23,1
"1144","2","spoli_c_677",2,24,1
"1145","1","spoli_c_677",1,25,1
"1146","2","spoli_c_677",2,26,1
"1147","1","spoli_c_677",2,27,0
"1148","2","spoli_c_677",1,28,0
"1149","1","spoli_c_677",1,29,1
"1150","2","spoli_c_677",2,30,1
"1151","1","spoli_c_677",2,31,0
"1152","1","spoli_c_677",1,32,1
"1153","1","spoli_c_697",1,1,1
"1154","2","spoli_c_697",2,2,1
"1155","1","spoli_c_697",2,3,0
"1156","2","spoli_c_697",1,4,0
"1157","1","spoli_c_697",2,5,0
"1158","2","spoli_c_697",2,6,1
"1159","1","spoli_c_697",1,7,1
"1160","1","spoli_c_697",2,8,0
"1161","2","spoli_c_697",1,9,0
"1162","1","spoli_c_697",1,10,1
"1163","2","spoli_c_697",2,11,1
"1164","1","spoli_c_697",1,12,1
"1165","1","spoli_c_697",2,13,0
"1166","1","spoli_c_697",2,14,0
"1167","1","spoli_c_697",1,15,1
"1168","2","spoli_c_697",1,16,0
"1169","2","spoli_c_697",2,17,1
"1170","1","spoli_c_697",1,18,1
"1171","1","spoli_c_697",1,19,1
"1172","2","spoli_c_697",2,20,1
"1173","1","spoli_c_697",1,21,1
"1174","2","spoli_c_697",2,22,1
"1175","2","spoli_c_697",1,23,0
"1176","1","spoli_c_697",2,24,0
"1177","2","spoli_c_697",1,25,0
"1178","1","spoli_c_697",2,26,0
"1179","2","spoli_c_697",2,27,1
"1180","1","spoli_c_697",1,28,1
"1181","2","spoli_c_697",1,29,0
"1182","1","spoli_c_697",2,30,0
"1183","1","spoli_c_697",2,31,0
"1184","2","spoli_c_697",1,32,0
"1185","1","spoli_c_705",1,1,1
"1186","1","spoli_c_705",2,2,0
"1187","1","spoli_c_705",2,3,0
"1188","2","spoli_c_705",1,4,0
"1189","2","spoli_c_705",2,5,1
"1190","2","spoli_c_705",2,6,1
"1191","1","spoli_c_705",1,7,1
"1192","1","spoli_c_705",2,8,0
"1193","2","spoli_c_705",1,9,0
"1194","2","spoli_c_705",1,10,0
"1195","1","spoli_c_705",2,11,0
"1196","2","spoli_c_705",1,12,0
"1197","2","spoli_c_705",2,13,1
"1198","1","spoli_c_705",2,14,0
"1199","2","spoli_c_705",1,15,0
"1200","2","spoli_c_705",1,16,0
"1201","1","spoli_c_705",2,17,0
"1202","1","spoli_c_705",1,18,1
"1203","1","spoli_c_705",1,19,1
"1204","1","spoli_c_705",2,20,0
"1205","2","spoli_c_705",1,21,0
"1206","1","spoli_c_705",2,22,0
"1207","1","spoli_c_705",1,23,1
"1208","1","spoli_c_705",2,24,0
"1209","1","spoli_c_705",1,25,1
"1210","1","spoli_c_705",2,26,0
"1211","1","spoli_c_705",2,27,0
"1212","1","spoli_c_705",1,28,1
"1213","2","spoli_c_705",1,29,0
"1214","1","spoli_c_705",2,30,0
"1215","2","spoli_c_705",2,31,1
"1216","1","spoli_c_705",1,32,1
"1217","1","spoli_c_715",1,1,1
"1218","1","spoli_c_715",2,2,0
"1219","2","spoli_c_715",2,3,1
"1220","2","spoli_c_715",1,4,0
"1221","1","spoli_c_715",2,5,0
"1222","2","spoli_c_715",2,6,1
"1223","1","spoli_c_715",1,7,1
"1224","2","spoli_c_715",2,8,1
"1225","1","spoli_c_715",1,9,1
"1226","2","spoli_c_715",1,10,0
"1227","1","spoli_c_715",2,11,0
"1228","2","spoli_c_715",1,12,0
"1229","2","spoli_c_715",2,13,1
"1230","1","spoli_c_715",2,14,0
"1231","1","spoli_c_715",1,15,1
"1232","2","spoli_c_715",1,16,0
"1233","2","spoli_c_715",2,17,1
"1234","1","spoli_c_715",1,18,1
"1235","2","spoli_c_715",1,19,0
"1236","2","spoli_c_715",2,20,1
"1237","1","spoli_c_715",1,21,1
"1238","1","spoli_c_715",2,22,0
"1239","2","spoli_c_715",1,23,0
"1240","1","spoli_c_715",2,24,0
"1241","2","spoli_c_715",1,25,0
"1242","1","spoli_c_715",2,26,0
"1243","2","spoli_c_715",2,27,1
"1244","1","spoli_c_715",1,28,1
"1245","2","spoli_c_715",1,29,0
"1246","2","spoli_c_715",2,30,1
"1247","1","spoli_c_715",2,31,0
"1248","1","spoli_c_715",1,32,1
"1249","2","spoli_c_727",1,1,0
"1250","1","spoli_c_727",2,2,0
"1251","1","spoli_c_727",2,3,0
"1252","1","spoli_c_727",1,4,1
"1253","2","spoli_c_727",2,5,1
"1254","2","spoli_c_727",2,6,1
"1255","1","spoli_c_727",1,7,1
"1256","2","spoli_c_727",2,8,1
"1257","2","spoli_c_727",1,9,0
"1258","1","spoli_c_727",1,10,1
"1259","1","spoli_c_727",2,11,0
"1260","2","spoli_c_727",1,12,0
"1261","1","spoli_c_727",2,13,0
"1262","2","spoli_c_727",2,14,1
"1263","1","spoli_c_727",1,15,1
"1264","2","spoli_c_727",1,16,0
"1265","2","spoli_c_727",2,17,1
"1266","2","spoli_c_727",1,18,0
"1267","1","spoli_c_727",1,19,1
"1268","2","spoli_c_727",2,20,1
"1269","1","spoli_c_727",1,21,1
"1270","2","spoli_c_727",2,22,1
"1271","2","spoli_c_727",1,23,0
"1272","1","spoli_c_727",2,24,0
"1273","2","spoli_c_727",1,25,0
"1274","1","spoli_c_727",2,26,0
"1275","2","spoli_c_727",2,27,1
"1276","2","spoli_c_727",1,28,0
"1277","1","spoli_c_727",1,29,1
"1278","2","spoli_c_727",2,30,1
"1279","1","spoli_c_727",2,31,0
"1280","2","spoli_c_727",1,32,0
"1281","1","spoli_c_730",1,1,1
"1282","1","spoli_c_730",2,2,0
"1283","1","spoli_c_730",2,3,0
"1284","1","spoli_c_730",1,4,1
"1285","2","spoli_c_730",2,5,1
"1286","1","spoli_c_730",2,6,0
"1287","2","spoli_c_730",1,7,0
"1288","2","spoli_c_730",2,8,1
"1289","1","spoli_c_730",1,9,1
"1290","1","spoli_c_730",1,10,1
"1291","2","spoli_c_730",2,11,1
"1292","1","spoli_c_730",1,12,1
"1293","2","spoli_c_730",2,13,1
"1294","2","spoli_c_730",2,14,1
"1295","1","spoli_c_730",1,15,1
"1296","2","spoli_c_730",1,16,0
"1297","1","spoli_c_730",2,17,0
"1298","2","spoli_c_730",1,18,0
"1299","1","spoli_c_730",1,19,1
"1300","1","spoli_c_730",2,20,0
"1301","1","spoli_c_730",1,21,1
"1302","1","spoli_c_730",2,22,0
"1303","2","spoli_c_730",1,23,0
"1304","2","spoli_c_730",2,24,1
"1305","1","spoli_c_730",1,25,1
"1306","1","spoli_c_730",2,26,0
"1307","2","spoli_c_730",2,27,1
"1308","2","spoli_c_730",1,28,0
"1309","1","spoli_c_730",1,29,1
"1310","2","spoli_c_730",2,30,1
"1311","2","spoli_c_730",2,31,1
"1312","2","spoli_c_730",1,32,0
"1313","1","spoli_c_740",1,1,1
"1314","1","spoli_c_740",2,2,0
"1315","1","spoli_c_740",2,3,0
"1316","1","spoli_c_740",1,4,1
"1317","2","spoli_c_740",2,5,1
"1318","1","spoli_c_740",2,6,0
"1319","2","spoli_c_740",1,7,0
"1320","1","spoli_c_740",2,8,0
"1321","1","spoli_c_740",1,9,1
"1322","2","spoli_c_740",1,10,0
"1323","1","spoli_c_740",2,11,0
"1324","2","spoli_c_740",1,12,0
"1325","2","spoli_c_740",2,13,1
"1326","2","spoli_c_740",2,14,1
"1327","1","spoli_c_740",1,15,1
"1328","1","spoli_c_740",1,16,1
"1329","2","spoli_c_740",2,17,1
"1330","2","spoli_c_740",1,18,0
"1331","1","spoli_c_740",1,19,1
"1332","1","spoli_c_740",2,20,0
"1333","2","spoli_c_740",1,21,0
"1334","1","spoli_c_740",2,22,0
"1335","1","spoli_c_740",1,23,1
"1336","2","spoli_c_740",2,24,1
"1337","1","spoli_c_740",1,25,1
"1338","2","spoli_c_740",2,26,1
"1339","1","spoli_c_740",2,27,0
"1340","2","spoli_c_740",1,28,0
"1341","1","spoli_c_740",1,29,1
"1342","2","spoli_c_740",2,30,1
"1343","1","spoli_c_740",2,31,0
"1344","2","spoli_c_740",1,32,0
"1345","2","spoli_c_760",1,1,0
"1346","1","spoli_c_760",2,2,0
"1347","1","spoli_c_760",2,3,0
"1348","2","spoli_c_760",1,4,0
"1349","1","spoli_c_760",2,5,0
"1350","1","spoli_c_760",2,6,0
"1351","2","spoli_c_760",1,7,0
"1352","2","spoli_c_760",2,8,1
"1353","2","spoli_c_760",1,9,0
"1354","2","spoli_c_760",1,10,0
"1355","1","spoli_c_760",2,11,0
"1356","1","spoli_c_760",1,12,1
"1357","1","spoli_c_760",2,13,0
"1358","2","spoli_c_760",2,14,1
"1359","2","spoli_c_760",1,15,0
"1360","1","spoli_c_760",1,16,1
"1361","2","spoli_c_760",2,17,1
"1362","2","spoli_c_760",1,18,0
"1363","2","spoli_c_760",1,19,0
"1364","1","spoli_c_760",2,20,0
"1365","2","spoli_c_760",1,21,0
"1366","2","spoli_c_760",2,22,1
"1367","1","spoli_c_760",1,23,1
"1368","2","spoli_c_760",2,24,1
"1369","1","spoli_c_760",1,25,1
"1370","1","spoli_c_760",2,26,0
"1371","2","spoli_c_760",2,27,1
"1372","2","spoli_c_760",1,28,0
"1373","2","spoli_c_760",1,29,0
"1374","2","spoli_c_760",2,30,1
"1375","1","spoli_c_760",2,31,0
"1376","2","spoli_c_760",1,32,0
"1377","1","spoli_c_768",1,1,1
"1378","1","spoli_c_768",2,2,0
"1379","1","spoli_c_768",2,3,0
"1380","1","spoli_c_768",1,4,1
"1381","1","spoli_c_768",2,5,0
"1382","2","spoli_c_768",2,6,1
"1383","2","spoli_c_768",1,7,0
"1384","1","spoli_c_768",2,8,0
"1385","1","spoli_c_768",1,9,1
"1386","1","spoli_c_768",1,10,1
"1387","1","spoli_c_768",2,11,0
"1388","1","spoli_c_768",1,12,1
"1389","1","spoli_c_768",2,13,0
"1390","1","spoli_c_768",2,14,0
"1391","1","spoli_c_768",1,15,1
"1392","1","spoli_c_768",1,16,1
"1393","1","spoli_c_768",2,17,0
"1394","1","spoli_c_768",1,18,1
"1395","1","spoli_c_768",1,19,1
"1396","1","spoli_c_768",2,20,0
"1397","1","spoli_c_768",1,21,1
"1398","1","spoli_c_768",2,22,0
"1399","1","spoli_c_768",1,23,1
"1400","2","spoli_c_768",2,24,1
"1401","1","spoli_c_768",1,25,1
"1402","1","spoli_c_768",2,26,0
"1403","1","spoli_c_768",2,27,0
"1404","1","spoli_c_768",1,28,1
"1405","1","spoli_c_768",1,29,1
"1406","2","spoli_c_768",2,30,1
"1407","1","spoli_c_768",2,31,0
"1408","2","spoli_c_768",1,32,0
"1409","1","spoli_c_777",1,1,1
"1410","1","spoli_c_777",2,2,0
"1411","2","spoli_c_777",2,3,1
"1412","2","spoli_c_777",1,4,0
"1413","2","spoli_c_777",2,5,1
"1414","1","spoli_c_777",2,6,0
"1415","2","spoli_c_777",1,7,0
"1416","1","spoli_c_777",2,8,0
"1417","2","spoli_c_777",1,9,0
"1418","1","spoli_c_777",1,10,1
"1419","1","spoli_c_777",2,11,0
"1420","1","spoli_c_777",1,12,1
"1421","1","spoli_c_777",2,13,0
"1422","1","spoli_c_777",2,14,0
"1423","2","spoli_c_777",1,15,0
"1424","1","spoli_c_777",1,16,1
"1425","1","spoli_c_777",2,17,0
"1426","1","spoli_c_777",1,18,1
"1427","1","spoli_c_777",1,19,1
"1428","1","spoli_c_777",2,20,0
"1429","1","spoli_c_777",1,21,1
"1430","1","spoli_c_777",2,22,0
"1431","1","spoli_c_777",1,23,1
"1432","1","spoli_c_777",2,24,0
"1433","1","spoli_c_777",1,25,1
"1434","1","spoli_c_777",2,26,0
"1435","2","spoli_c_777",2,27,1
"1436","2","spoli_c_777",1,28,0
"1437","2","spoli_c_777",1,29,0
"1438","2","spoli_c_777",2,30,1
"1439","2","spoli_c_777",2,31,1
"1440","2","spoli_c_777",1,32,0
"1441","1","spoli_c_008",1,1,1
"1442","1","spoli_c_008",1,2,1
"1443","2","spoli_c_008",2,3,1
"1444","1","spoli_c_008",1,4,1
"1445","2","spoli_c_008",1,5,0
"1446","2","spoli_c_008",1,6,0
"1447","2","spoli_c_008",2,7,1
"1448","1","spoli_c_008",2,8,0
"1449","1","spoli_c_008",2,9,0
"1450","2","spoli_c_008",2,10,1
"1451","2","spoli_c_008",1,11,0
"1452","2","spoli_c_008",1,12,0
"1453","1","spoli_c_008",1,13,1
"1454","2","spoli_c_008",2,14,1
"1455","2","spoli_c_008",2,15,1
"1456","2","spoli_c_008",1,16,0
"1457","1","spoli_c_008",2,17,0
"1458","2","spoli_c_008",2,18,1
"1459","2","spoli_c_008",1,19,0
"1460","2","spoli_c_008",1,20,0
"1461","1","spoli_c_008",2,21,0
"1462","2","spoli_c_008",1,22,0
"1463","1","spoli_c_008",2,23,0
"1464","1","spoli_c_008",1,24,1
"1465","1","spoli_c_008",2,25,0
"1466","1","spoli_c_008",1,26,1
"1467","2","spoli_c_008",2,27,1
"1468","2","spoli_c_008",1,28,0
"1469","2","spoli_c_008",1,29,0
"1470","1","spoli_c_008",2,30,0
"1471","1","spoli_c_008",2,31,0
"1472","1","spoli_c_008",2,32,0
"1473","1","spoli_c_030",1,1,1
"1474","2","spoli_c_030",1,2,0
"1475","2","spoli_c_030",2,3,1
"1476","2","spoli_c_030",1,4,0
"1477","2","spoli_c_030",1,5,0
"1478","1","spoli_c_030",1,6,1
"1479","2","spoli_c_030",2,7,1
"1480","1","spoli_c_030",2,8,0
"1481","2","spoli_c_030",2,9,1
"1482","1","spoli_c_030",2,10,0
"1483","2","spoli_c_030",1,11,0
"1484","2","spoli_c_030",1,12,0
"1485","2","spoli_c_030",1,13,0
"1486","1","spoli_c_030",2,14,0
"1487","1","spoli_c_030",2,15,0
"1488","1","spoli_c_030",1,16,1
"1489","2","spoli_c_030",2,17,1
"1490","2","spoli_c_030",2,18,1
"1491","2","spoli_c_030",1,19,0
"1492","2","spoli_c_030",1,20,0
"1493","2","spoli_c_030",2,21,1
"1494","2","spoli_c_030",1,22,0
"1495","2","spoli_c_030",2,23,1
"1496","2","spoli_c_030",1,24,0
"1497","2","spoli_c_030",2,25,1
"1498","2","spoli_c_030",1,26,0
"1499","2","spoli_c_030",2,27,1
"1500","2","spoli_c_030",1,28,0
"1501","2","spoli_c_030",1,29,0
"1502","2","spoli_c_030",2,30,1
"1503","2","spoli_c_030",2,31,1
"1504","2","spoli_c_030",2,32,1
"1505","1","spoli_c_076",1,1,1
"1506","1","spoli_c_076",1,2,1
"1507","2","spoli_c_076",2,3,1
"1508","1","spoli_c_076",1,4,1
"1509","2","spoli_c_076",1,5,0
"1510","1","spoli_c_076",1,6,1
"1511","2","spoli_c_076",2,7,1
"1512","1","spoli_c_076",2,8,0
"1513","1","spoli_c_076",2,9,0
"1514","2","spoli_c_076",2,10,1
"1515","2","spoli_c_076",1,11,0
"1516","1","spoli_c_076",1,12,1
"1517","2","spoli_c_076",1,13,0
"1518","1","spoli_c_076",2,14,0
"1519","1","spoli_c_076",2,15,0
"1520","1","spoli_c_076",1,16,1
"1521","1","spoli_c_076",2,17,0
"1522","2","spoli_c_076",2,18,1
"1523","1","spoli_c_076",1,19,1
"1524","2","spoli_c_076",1,20,0
"1525","2","spoli_c_076",2,21,1
"1526","1","spoli_c_076",1,22,1
"1527","2","spoli_c_076",2,23,1
"1528","1","spoli_c_076",1,24,1
"1529","1","spoli_c_076",2,25,0
"1530","2","spoli_c_076",1,26,0
"1531","1","spoli_c_076",2,27,0
"1532","2","spoli_c_076",1,28,0
"1533","1","spoli_c_076",1,29,1
"1534","1","spoli_c_076",2,30,0
"1535","1","spoli_c_076",2,31,0
"1536","2","spoli_c_076",2,32,1
"1537","2","spoli_c_078",1,1,0
"1538","2","spoli_c_078",1,2,0
"1539","2","spoli_c_078",2,3,1
"1540","1","spoli_c_078",1,4,1
"1541","1","spoli_c_078",1,5,1
"1542","1","spoli_c_078",1,6,1
"1543","2","spoli_c_078",2,7,1
"1544","1","spoli_c_078",2,8,0
"1545","2","spoli_c_078",2,9,1
"1546","2","spoli_c_078",2,10,1
"1547","1","spoli_c_078",1,11,1
"1548","2","spoli_c_078",1,12,0
"1549","2","spoli_c_078",1,13,0
"1550","2","spoli_c_078",2,14,1
"1551","2","spoli_c_078",2,15,1
"1552","1","spoli_c_078",1,16,1
"1553","2","spoli_c_078",2,17,1
"1554","2","spoli_c_078",2,18,1
"1555","1","spoli_c_078",1,19,1
"1556","1","spoli_c_078",1,20,1
"1557","1","spoli_c_078",2,21,0
"1558","1","spoli_c_078",1,22,1
"1559","2","spoli_c_078",2,23,1
"1560","2","spoli_c_078",1,24,0
"1561","1","spoli_c_078",2,25,0
"1562","1","spoli_c_078",1,26,1
"1563","2","spoli_c_078",2,27,1
"1564","2","spoli_c_078",1,28,0
"1565","1","spoli_c_078",1,29,1
"1566","2","spoli_c_078",2,30,1
"1567","2","spoli_c_078",2,31,1
"1568","1","spoli_c_078",2,32,0
"1569","1","spoli_c_088",1,1,1
"1570","2","spoli_c_088",1,2,0
"1571","1","spoli_c_088",2,3,0
"1572","1","spoli_c_088",1,4,1
"1573","2","spoli_c_088",1,5,0
"1574","1","spoli_c_088",1,6,1
"1575","2","spoli_c_088",2,7,1
"1576","2","spoli_c_088",2,8,1
"1577","1","spoli_c_088",2,9,0
"1578","2","spoli_c_088",2,10,1
"1579","1","spoli_c_088",1,11,1
"1580","2","spoli_c_088",1,12,0
"1581","1","spoli_c_088",1,13,1
"1582","2","spoli_c_088",2,14,1
"1583","2","spoli_c_088",2,15,1
"1584","1","spoli_c_088",1,16,1
"1585","1","spoli_c_088",2,17,0
"1586","2","spoli_c_088",2,18,1
"1587","1","spoli_c_088",1,19,1
"1588","2","spoli_c_088",1,20,0
"1589","1","spoli_c_088",2,21,0
"1590","2","spoli_c_088",1,22,0
"1591","2","spoli_c_088",2,23,1
"1592","2","spoli_c_088",1,24,0
"1593","1","spoli_c_088",2,25,0
"1594","2","spoli_c_088",1,26,0
"1595","1","spoli_c_088",2,27,0
"1596","2","spoli_c_088",1,28,0
"1597","1","spoli_c_088",1,29,1
"1598","1","spoli_c_088",2,30,0
"1599","2","spoli_c_088",2,31,1
"1600","2","spoli_c_088",2,32,1
"1601","2","spoli_c_090",1,1,0
"1602","1","spoli_c_090",1,2,1
"1603","1","spoli_c_090",2,3,0
"1604","1","spoli_c_090",1,4,1
"1605","2","spoli_c_090",1,5,0
"1606","2","spoli_c_090",1,6,0
"1607","2","spoli_c_090",2,7,1
"1608","2","spoli_c_090",2,8,1
"1609","2","spoli_c_090",2,9,1
"1610","1","spoli_c_090",2,10,0
"1611","1","spoli_c_090",1,11,1
"1612","2","spoli_c_090",1,12,0
"1613","1","spoli_c_090",1,13,1
"1614","2","spoli_c_090",2,14,1
"1615","1","spoli_c_090",2,15,0
"1616","1","spoli_c_090",1,16,1
"1617","1","spoli_c_090",2,17,0
"1618","2","spoli_c_090",2,18,1
"1619","1","spoli_c_090",1,19,1
"1620","2","spoli_c_090",1,20,0
"1621","1","spoli_c_090",2,21,0
"1622","2","spoli_c_090",1,22,0
"1623","1","spoli_c_090",2,23,0
"1624","1","spoli_c_090",1,24,1
"1625","1","spoli_c_090",2,25,0
"1626","1","spoli_c_090",1,26,1
"1627","1","spoli_c_090",2,27,0
"1628","1","spoli_c_090",1,28,1
"1629","1","spoli_c_090",1,29,1
"1630","2","spoli_c_090",2,30,1
"1631","1","spoli_c_090",2,31,0
"1632","2","spoli_c_090",2,32,1
"1633","1","spoli_c_093",1,1,1
"1634","1","spoli_c_093",1,2,1
"1635","1","spoli_c_093",2,3,0
"1636","1","spoli_c_093",1,4,1
"1637","2","spoli_c_093",1,5,0
"1638","1","spoli_c_093",1,6,1
"1639","1","spoli_c_093",2,7,0
"1640","2","spoli_c_093",2,8,1
"1641","1","spoli_c_093",2,9,0
"1642","2","spoli_c_093",2,10,1
"1643","2","spoli_c_093",1,11,0
"1644","1","spoli_c_093",1,12,1
"1645","1","spoli_c_093",1,13,1
"1646","2","spoli_c_093",2,14,1
"1647","2","spoli_c_093",2,15,1
"1648","1","spoli_c_093",1,16,1
"1649","1","spoli_c_093",2,17,0
"1650","2","spoli_c_093",2,18,1
"1651","1","spoli_c_093",1,19,1
"1652","1","spoli_c_093",1,20,1
"1653","1","spoli_c_093",2,21,0
"1654","2","spoli_c_093",1,22,0
"1655","1","spoli_c_093",2,23,0
"1656","1","spoli_c_093",1,24,1
"1657","2","spoli_c_093",2,25,1
"1658","2","spoli_c_093",1,26,0
"1659","2","spoli_c_093",2,27,1
"1660","2","spoli_c_093",1,28,0
"1661","1","spoli_c_093",1,29,1
"1662","1","spoli_c_093",2,30,0
"1663","1","spoli_c_093",2,31,0
"1664","2","spoli_c_093",2,32,1
"1665","1","spoli_c_097",1,1,1
"1666","2","spoli_c_097",1,2,0
"1667","1","spoli_c_097",2,3,0
"1668","2","spoli_c_097",1,4,0
"1669","2","spoli_c_097",1,5,0
"1670","1","spoli_c_097",1,6,1
"1671","2","spoli_c_097",2,7,1
"1672","1","spoli_c_097",2,8,0
"1673","2","spoli_c_097",2,9,1
"1674","2","spoli_c_097",2,10,1
"1675","1","spoli_c_097",1,11,1
"1676","2","spoli_c_097",1,12,0
"1677","1","spoli_c_097",1,13,1
"1678","2","spoli_c_097",2,14,1
"1679","2","spoli_c_097",2,15,1
"1680","1","spoli_c_097",1,16,1
"1681","2","spoli_c_097",2,17,1
"1682","1","spoli_c_097",2,18,0
"1683","2","spoli_c_097",1,19,0
"1684","2","spoli_c_097",1,20,0
"1685","2","spoli_c_097",2,21,1
"1686","1","spoli_c_097",1,22,1
"1687","2","spoli_c_097",2,23,1
"1688","2","spoli_c_097",1,24,0
"1689","1","spoli_c_097",2,25,0
"1690","2","spoli_c_097",1,26,0
"1691","2","spoli_c_097",2,27,1
"1692","1","spoli_c_097",1,28,1
"1693","1","spoli_c_097",1,29,1
"1694","1","spoli_c_097",2,30,0
"1695","2","spoli_c_097",2,31,1
"1696","1","spoli_c_097",2,32,0
