"","trial","reaction_time","id","targ_index"
"1",11,569,"spoli_c_008_lsl",1
"2",29,444,"spoli_c_008_lsl",2
"3",41,515,"spoli_c_008_lsl",3
"4",71,607,"spoli_c_008_lsl",4
"5",83,578,"spoli_c_008_lsl",5
"6",119,1083,"spoli_c_008_lsl",6
"7",155,535,"spoli_c_008_lsl",7
"8",185,445,"spoli_c_008_lsl",8
"9",197,526,"spoli_c_008_lsl",9
"10",215,453,"spoli_c_008_lsl",10
"11",233,417,"spoli_c_008_lsl",11
"12",263,454,"spoli_c_008_lsl",12
"13",287,580,"spoli_c_008_lsl",13
"14",305,566,"spoli_c_008_lsl",14
"15",347,544,"spoli_c_008_lsl",15
"16",371,552,"spoli_c_008_lsl",16
"17",395,592,"spoli_c_008_lsl",17
"18",431,508,"spoli_c_008_lsl",18
"19",455,470,"spoli_c_008_lsl",19
"20",479,748,"spoli_c_008_lsl",20
"21",521,414,"spoli_c_008_lsl",21
"22",539,NA,"spoli_c_008_lsl",22
"23",551,NA,"spoli_c_008_lsl",23
"24",563,561,"spoli_c_008_lsl",24
"25",5,NA,"spoli_c_030_lsl",1
"26",35,NA,"spoli_c_030_lsl",2
"27",59,663,"spoli_c_030_lsl",3
"28",101,840,"spoli_c_030_lsl",4
"29",137,747,"spoli_c_030_lsl",5
"30",161,936,"spoli_c_030_lsl",6
"31",179,697,"spoli_c_030_lsl",7
"32",209,839,"spoli_c_030_lsl",8
"33",245,812,"spoli_c_030_lsl",9
"34",257,NA,"spoli_c_030_lsl",10
"35",269,952,"spoli_c_030_lsl",11
"36",293,688,"spoli_c_030_lsl",12
"37",317,958,"spoli_c_030_lsl",13
"38",335,736,"spoli_c_030_lsl",14
"39",365,1312,"spoli_c_030_lsl",15
"40",407,667,"spoli_c_030_lsl",16
"41",425,1627,"spoli_c_030_lsl",17
"42",443,1156,"spoli_c_030_lsl",18
"43",467,581,"spoli_c_030_lsl",19
"44",491,1080,"spoli_c_030_lsl",20
"45",509,817,"spoli_c_030_lsl",21
"46",533,777,"spoli_c_030_lsl",22
"47",557,837,"spoli_c_030_lsl",23
"48",575,630,"spoli_c_030_lsl",24
"49",5,506,"spoli_c_049_lsl",1
"50",35,474,"spoli_c_049_lsl",2
"51",59,491,"spoli_c_049_lsl",3
"52",101,538,"spoli_c_049_lsl",4
"53",137,519,"spoli_c_049_lsl",5
"54",161,582,"spoli_c_049_lsl",6
"55",179,507,"spoli_c_049_lsl",7
"56",209,567,"spoli_c_049_lsl",8
"57",245,613,"spoli_c_049_lsl",9
"58",257,591,"spoli_c_049_lsl",10
"59",269,480,"spoli_c_049_lsl",11
"60",293,492,"spoli_c_049_lsl",12
"61",317,557,"spoli_c_049_lsl",13
"62",335,579,"spoli_c_049_lsl",14
"63",365,509,"spoli_c_049_lsl",15
"64",407,474,"spoli_c_049_lsl",16
"65",425,540,"spoli_c_049_lsl",17
"66",443,547,"spoli_c_049_lsl",18
"67",467,512,"spoli_c_049_lsl",19
"68",491,527,"spoli_c_049_lsl",20
"69",509,496,"spoli_c_049_lsl",21
"70",533,418,"spoli_c_049_lsl",22
"71",557,487,"spoli_c_049_lsl",23
"72",575,491,"spoli_c_049_lsl",24
"73",23,-878,"spoli_c_071_lsl",1
"74",47,NA,"spoli_c_071_lsl",2
"75",65,NA,"spoli_c_071_lsl",3
"76",89,NA,"spoli_c_071_lsl",4
"77",113,-934,"spoli_c_071_lsl",5
"78",125,-179,"spoli_c_071_lsl",6
"79",149,-222,"spoli_c_071_lsl",7
"80",167,-119,"spoli_c_071_lsl",8
"81",203,-883,"spoli_c_071_lsl",9
"82",221,-939,"spoli_c_071_lsl",10
"83",239,NA,"spoli_c_071_lsl",11
"84",275,NA,"spoli_c_071_lsl",12
"85",299,1416,"spoli_c_071_lsl",13
"86",323,NA,"spoli_c_071_lsl",14
"87",341,NA,"spoli_c_071_lsl",15
"88",353,NA,"spoli_c_071_lsl",16
"89",383,NA,"spoli_c_071_lsl",17
"90",401,NA,"spoli_c_071_lsl",18
"91",419,NA,"spoli_c_071_lsl",19
"92",449,NA,"spoli_c_071_lsl",20
"93",461,NA,"spoli_c_071_lsl",21
"94",497,NA,"spoli_c_071_lsl",22
"95",515,NA,"spoli_c_071_lsl",23
"96",545,NA,"spoli_c_071_lsl",24
"97",23,436,"spoli_c_076_lsl",1
"98",47,288,"spoli_c_076_lsl",2
"99",65,279,"spoli_c_076_lsl",3
"100",89,266,"spoli_c_076_lsl",4
"101",113,272,"spoli_c_076_lsl",5
"102",125,NA,"spoli_c_076_lsl",6
"103",149,191,"spoli_c_076_lsl",7
"104",167,-899,"spoli_c_076_lsl",8
"105",203,252,"spoli_c_076_lsl",9
"106",221,243,"spoli_c_076_lsl",10
"107",239,204,"spoli_c_076_lsl",11
"108",275,258,"spoli_c_076_lsl",12
"109",299,400,"spoli_c_076_lsl",13
"110",323,347,"spoli_c_076_lsl",14
"111",341,474,"spoli_c_076_lsl",15
"112",353,291,"spoli_c_076_lsl",16
"113",383,NA,"spoli_c_076_lsl",17
"114",401,374,"spoli_c_076_lsl",18
"115",419,989,"spoli_c_076_lsl",19
"116",449,149,"spoli_c_076_lsl",20
"117",461,128,"spoli_c_076_lsl",21
"118",497,152,"spoli_c_076_lsl",22
"119",515,375,"spoli_c_076_lsl",23
"120",545,NA,"spoli_c_076_lsl",24
"121",17,327,"spoli_c_078_lsl",1
"122",53,343,"spoli_c_078_lsl",2
"123",77,368,"spoli_c_078_lsl",3
"124",95,402,"spoli_c_078_lsl",4
"125",107,379,"spoli_c_078_lsl",5
"126",131,433,"spoli_c_078_lsl",6
"127",143,438,"spoli_c_078_lsl",7
"128",173,411,"spoli_c_078_lsl",8
"129",191,375,"spoli_c_078_lsl",9
"130",227,457,"spoli_c_078_lsl",10
"131",251,356,"spoli_c_078_lsl",11
"132",281,415,"spoli_c_078_lsl",12
"133",311,334,"spoli_c_078_lsl",13
"134",329,317,"spoli_c_078_lsl",14
"135",359,454,"spoli_c_078_lsl",15
"136",377,285,"spoli_c_078_lsl",16
"137",389,-477,"spoli_c_078_lsl",17
"138",413,232,"spoli_c_078_lsl",18
"139",437,259,"spoli_c_078_lsl",19
"140",473,256,"spoli_c_078_lsl",20
"141",485,228,"spoli_c_078_lsl",21
"142",503,256,"spoli_c_078_lsl",22
"143",527,269,"spoli_c_078_lsl",23
"144",569,270,"spoli_c_078_lsl",24
"145",5,591,"spoli_c_088_lsl",1
"146",35,679,"spoli_c_088_lsl",2
"147",59,705,"spoli_c_088_lsl",3
"148",101,547,"spoli_c_088_lsl",4
"149",137,456,"spoli_c_088_lsl",5
"150",161,625,"spoli_c_088_lsl",6
"151",179,839,"spoli_c_088_lsl",7
"152",209,532,"spoli_c_088_lsl",8
"153",245,NA,"spoli_c_088_lsl",9
"154",257,496,"spoli_c_088_lsl",10
"155",269,537,"spoli_c_088_lsl",11
"156",293,764,"spoli_c_088_lsl",12
"157",317,697,"spoli_c_088_lsl",13
"158",335,1159,"spoli_c_088_lsl",14
"159",365,629,"spoli_c_088_lsl",15
"160",407,622,"spoli_c_088_lsl",16
"161",425,775,"spoli_c_088_lsl",17
"162",443,473,"spoli_c_088_lsl",18
"163",467,625,"spoli_c_088_lsl",19
"164",491,388,"spoli_c_088_lsl",20
"165",509,940,"spoli_c_088_lsl",21
"166",533,475,"spoli_c_088_lsl",22
"167",557,673,"spoli_c_088_lsl",23
"168",575,284,"spoli_c_088_lsl",24
"169",5,1012,"spoli_c_090_lsl",1
"170",35,501,"spoli_c_090_lsl",2
"171",59,935,"spoli_c_090_lsl",3
"172",101,NA,"spoli_c_090_lsl",4
"173",137,679,"spoli_c_090_lsl",5
"174",161,NA,"spoli_c_090_lsl",6
"175",179,NA,"spoli_c_090_lsl",7
"176",209,828,"spoli_c_090_lsl",8
"177",245,428,"spoli_c_090_lsl",9
"178",257,497,"spoli_c_090_lsl",10
"179",269,496,"spoli_c_090_lsl",11
"180",293,463,"spoli_c_090_lsl",12
"181",317,616,"spoli_c_090_lsl",13
"182",335,653,"spoli_c_090_lsl",14
"183",365,648,"spoli_c_090_lsl",15
"184",407,193,"spoli_c_090_lsl",16
"185",425,NA,"spoli_c_090_lsl",17
"186",443,80,"spoli_c_090_lsl",18
"187",467,600,"spoli_c_090_lsl",19
"188",491,548,"spoli_c_090_lsl",20
"189",509,NA,"spoli_c_090_lsl",21
"190",533,733,"spoli_c_090_lsl",22
"191",557,376,"spoli_c_090_lsl",23
"192",575,500,"spoli_c_090_lsl",24
"193",11,776,"spoli_c_093_lsl",1
"194",29,835,"spoli_c_093_lsl",2
"195",41,922,"spoli_c_093_lsl",3
"196",71,676,"spoli_c_093_lsl",4
"197",83,839,"spoli_c_093_lsl",5
"198",119,776,"spoli_c_093_lsl",6
"199",155,863,"spoli_c_093_lsl",7
"200",185,816,"spoli_c_093_lsl",8
"201",197,896,"spoli_c_093_lsl",9
"202",215,591,"spoli_c_093_lsl",10
"203",233,521,"spoli_c_093_lsl",11
"204",263,682,"spoli_c_093_lsl",12
"205",287,573,"spoli_c_093_lsl",13
"206",305,696,"spoli_c_093_lsl",14
"207",347,491,"spoli_c_093_lsl",15
"208",371,1514,"spoli_c_093_lsl",16
"209",395,850,"spoli_c_093_lsl",17
"210",431,433,"spoli_c_093_lsl",18
"211",455,541,"spoli_c_093_lsl",19
"212",479,770,"spoli_c_093_lsl",20
"213",521,513,"spoli_c_093_lsl",21
"214",539,771,"spoli_c_093_lsl",22
"215",551,742,"spoli_c_093_lsl",23
"216",563,366,"spoli_c_093_lsl",24
"217",23,719,"spoli_c_097_lsl",1
"218",47,612,"spoli_c_097_lsl",2
"219",65,478,"spoli_c_097_lsl",3
"220",89,556,"spoli_c_097_lsl",4
"221",113,46,"spoli_c_097_lsl",5
"222",125,302,"spoli_c_097_lsl",6
"223",149,115,"spoli_c_097_lsl",7
"224",167,463,"spoli_c_097_lsl",8
"225",203,143,"spoli_c_097_lsl",9
"226",221,416,"spoli_c_097_lsl",10
"227",239,159,"spoli_c_097_lsl",11
"228",275,328,"spoli_c_097_lsl",12
"229",299,434,"spoli_c_097_lsl",13
"230",323,352,"spoli_c_097_lsl",14
"231",341,441,"spoli_c_097_lsl",15
"232",353,212,"spoli_c_097_lsl",16
"233",383,208,"spoli_c_097_lsl",17
"234",401,454,"spoli_c_097_lsl",18
"235",419,476,"spoli_c_097_lsl",19
"236",449,404,"spoli_c_097_lsl",20
"237",461,471,"spoli_c_097_lsl",21
"238",497,482,"spoli_c_097_lsl",22
"239",515,507,"spoli_c_097_lsl",23
"240",545,617,"spoli_c_097_lsl",24
"241",11,737,"spoli_c_125_lsl",1
"242",29,663,"spoli_c_125_lsl",2
"243",41,NA,"spoli_c_125_lsl",3
"244",71,NA,"spoli_c_125_lsl",4
"245",83,NA,"spoli_c_125_lsl",5
"246",119,589,"spoli_c_125_lsl",6
"247",155,1195,"spoli_c_125_lsl",7
"248",185,-771,"spoli_c_125_lsl",8
"249",197,-924,"spoli_c_125_lsl",9
"250",215,-813,"spoli_c_125_lsl",10
"251",233,NA,"spoli_c_125_lsl",11
"252",263,NA,"spoli_c_125_lsl",12
"253",287,495,"spoli_c_125_lsl",13
"254",305,NA,"spoli_c_125_lsl",14
"255",347,NA,"spoli_c_125_lsl",15
"256",371,404,"spoli_c_125_lsl",16
"257",395,535,"spoli_c_125_lsl",17
"258",431,-405,"spoli_c_125_lsl",18
"259",455,NA,"spoli_c_125_lsl",19
"260",479,192,"spoli_c_125_lsl",20
"261",521,-334,"spoli_c_125_lsl",21
"262",539,238,"spoli_c_125_lsl",22
"263",551,NA,"spoli_c_125_lsl",23
"264",563,723,"spoli_c_125_lsl",24
"265",5,330,"spoli_c_342_lsl",1
"266",35,333,"spoli_c_342_lsl",2
"267",59,401,"spoli_c_342_lsl",3
"268",101,302,"spoli_c_342_lsl",4
"269",137,375,"spoli_c_342_lsl",5
"270",161,388,"spoli_c_342_lsl",6
"271",179,527,"spoli_c_342_lsl",7
"272",209,410,"spoli_c_342_lsl",8
"273",245,405,"spoli_c_342_lsl",9
"274",257,636,"spoli_c_342_lsl",10
"275",269,465,"spoli_c_342_lsl",11
"276",293,382,"spoli_c_342_lsl",12
"277",317,352,"spoli_c_342_lsl",13
"278",335,397,"spoli_c_342_lsl",14
"279",365,363,"spoli_c_342_lsl",15
"280",407,424,"spoli_c_342_lsl",16
"281",425,649,"spoli_c_342_lsl",17
"282",443,459,"spoli_c_342_lsl",18
"283",467,384,"spoli_c_342_lsl",19
"284",491,378,"spoli_c_342_lsl",20
"285",509,396,"spoli_c_342_lsl",21
"286",533,NA,"spoli_c_342_lsl",22
"287",557,387,"spoli_c_342_lsl",23
"288",575,691,"spoli_c_342_lsl",24
"289",5,714,"spoli_c_343_lsl",1
"290",35,596,"spoli_c_343_lsl",2
"291",59,620,"spoli_c_343_lsl",3
"292",101,407,"spoli_c_343_lsl",4
"293",137,549,"spoli_c_343_lsl",5
"294",161,666,"spoli_c_343_lsl",6
"295",179,592,"spoli_c_343_lsl",7
"296",209,182,"spoli_c_343_lsl",8
"297",245,5,"spoli_c_343_lsl",9
"298",257,NA,"spoli_c_343_lsl",10
"299",269,245,"spoli_c_343_lsl",11
"300",293,83,"spoli_c_343_lsl",12
"301",317,284,"spoli_c_343_lsl",13
"302",335,746,"spoli_c_343_lsl",14
"303",365,268,"spoli_c_343_lsl",15
"304",407,128,"spoli_c_343_lsl",16
"305",425,NA,"spoli_c_343_lsl",17
"306",443,591,"spoli_c_343_lsl",18
"307",467,514,"spoli_c_343_lsl",19
"308",491,248,"spoli_c_343_lsl",20
"309",509,112,"spoli_c_343_lsl",21
"310",533,NA,"spoli_c_343_lsl",22
"311",557,800,"spoli_c_343_lsl",23
"312",575,154,"spoli_c_343_lsl",24
"313",23,NA,"spoli_c_346_lsl",1
"314",47,NA,"spoli_c_346_lsl",2
"315",65,NA,"spoli_c_346_lsl",3
"316",89,893,"spoli_c_346_lsl",4
"317",113,NA,"spoli_c_346_lsl",5
"318",125,NA,"spoli_c_346_lsl",6
"319",149,NA,"spoli_c_346_lsl",7
"320",167,NA,"spoli_c_346_lsl",8
"321",203,NA,"spoli_c_346_lsl",9
"322",221,NA,"spoli_c_346_lsl",10
"323",239,NA,"spoli_c_346_lsl",11
"324",275,NA,"spoli_c_346_lsl",12
"325",299,NA,"spoli_c_346_lsl",13
"326",323,NA,"spoli_c_346_lsl",14
"327",341,NA,"spoli_c_346_lsl",15
"328",353,NA,"spoli_c_346_lsl",16
"329",383,NA,"spoli_c_346_lsl",17
"330",401,NA,"spoli_c_346_lsl",18
"331",419,-935,"spoli_c_346_lsl",19
"332",449,NA,"spoli_c_346_lsl",20
"333",461,NA,"spoli_c_346_lsl",21
"334",497,NA,"spoli_c_346_lsl",22
"335",515,NA,"spoli_c_346_lsl",23
"336",545,NA,"spoli_c_346_lsl",24
"337",23,439,"spoli_c_379_lsl",1
"338",47,462,"spoli_c_379_lsl",2
"339",65,NA,"spoli_c_379_lsl",3
"340",89,NA,"spoli_c_379_lsl",4
"341",113,635,"spoli_c_379_lsl",5
"342",125,586,"spoli_c_379_lsl",6
"343",149,547,"spoli_c_379_lsl",7
"344",167,NA,"spoli_c_379_lsl",8
"345",203,463,"spoli_c_379_lsl",9
"346",221,547,"spoli_c_379_lsl",10
"347",239,523,"spoli_c_379_lsl",11
"348",275,1478,"spoli_c_379_lsl",12
"349",299,807,"spoli_c_379_lsl",13
"350",323,716,"spoli_c_379_lsl",14
"351",341,863,"spoli_c_379_lsl",15
"352",353,527,"spoli_c_379_lsl",16
"353",383,1084,"spoli_c_379_lsl",17
"354",401,640,"spoli_c_379_lsl",18
"355",419,619,"spoli_c_379_lsl",19
"356",449,775,"spoli_c_379_lsl",20
"357",461,492,"spoli_c_379_lsl",21
"358",497,590,"spoli_c_379_lsl",22
"359",515,748,"spoli_c_379_lsl",23
"360",545,590,"spoli_c_379_lsl",24
"361",5,NA,"spoli_c_391_lsl",1
"362",35,NA,"spoli_c_391_lsl",2
"363",59,568,"spoli_c_391_lsl",3
"364",101,434,"spoli_c_391_lsl",4
"365",137,382,"spoli_c_391_lsl",5
"366",161,433,"spoli_c_391_lsl",6
"367",179,498,"spoli_c_391_lsl",7
"368",209,394,"spoli_c_391_lsl",8
"369",245,367,"spoli_c_391_lsl",9
"370",257,751,"spoli_c_391_lsl",10
"371",269,613,"spoli_c_391_lsl",11
"372",293,466,"spoli_c_391_lsl",12
"373",317,416,"spoli_c_391_lsl",13
"374",335,450,"spoli_c_391_lsl",14
"375",365,352,"spoli_c_391_lsl",15
"376",407,488,"spoli_c_391_lsl",16
"377",425,461,"spoli_c_391_lsl",17
"378",443,430,"spoli_c_391_lsl",18
"379",467,481,"spoli_c_391_lsl",19
"380",491,623,"spoli_c_391_lsl",20
"381",509,398,"spoli_c_391_lsl",21
"382",533,477,"spoli_c_391_lsl",22
"383",557,584,"spoli_c_391_lsl",23
"384",575,466,"spoli_c_391_lsl",24
"385",23,NA,"spoli_c_396_lsl",1
"386",47,-605,"spoli_c_396_lsl",2
"387",65,1060,"spoli_c_396_lsl",3
"388",89,787,"spoli_c_396_lsl",4
"389",113,NA,"spoli_c_396_lsl",5
"390",125,575,"spoli_c_396_lsl",6
"391",149,855,"spoli_c_396_lsl",7
"392",167,683,"spoli_c_396_lsl",8
"393",203,729,"spoli_c_396_lsl",9
"394",221,613,"spoli_c_396_lsl",10
"395",239,639,"spoli_c_396_lsl",11
"396",275,738,"spoli_c_396_lsl",12
"397",299,620,"spoli_c_396_lsl",13
"398",323,1062,"spoli_c_396_lsl",14
"399",341,NA,"spoli_c_396_lsl",15
"400",353,803,"spoli_c_396_lsl",16
"401",383,1152,"spoli_c_396_lsl",17
"402",401,-910,"spoli_c_396_lsl",18
"403",419,567,"spoli_c_396_lsl",19
"404",449,733,"spoli_c_396_lsl",20
"405",461,NA,"spoli_c_396_lsl",21
"406",497,587,"spoli_c_396_lsl",22
"407",515,NA,"spoli_c_396_lsl",23
"408",545,633,"spoli_c_396_lsl",24
"409",23,749,"spoli_c_410_lsl",1
"410",47,738,"spoli_c_410_lsl",2
"411",65,799,"spoli_c_410_lsl",3
"412",89,806,"spoli_c_410_lsl",4
"413",113,651,"spoli_c_410_lsl",5
"414",125,762,"spoli_c_410_lsl",6
"415",149,700,"spoli_c_410_lsl",7
"416",167,NA,"spoli_c_410_lsl",8
"417",203,139,"spoli_c_410_lsl",9
"418",221,643,"spoli_c_410_lsl",10
"419",239,332,"spoli_c_410_lsl",11
"420",275,991,"spoli_c_410_lsl",12
"421",299,367,"spoli_c_410_lsl",13
"422",323,1368,"spoli_c_410_lsl",14
"423",341,NA,"spoli_c_410_lsl",15
"424",353,956,"spoli_c_410_lsl",16
"425",383,-137,"spoli_c_410_lsl",17
"426",401,630,"spoli_c_410_lsl",18
"427",419,NA,"spoli_c_410_lsl",19
"428",449,710,"spoli_c_410_lsl",20
"429",461,566,"spoli_c_410_lsl",21
"430",497,668,"spoli_c_410_lsl",22
"431",515,543,"spoli_c_410_lsl",23
"432",545,954,"spoli_c_410_lsl",24
"433",5,390,"spoli_c_419_lsl",1
"434",35,448,"spoli_c_419_lsl",2
"435",59,628,"spoli_c_419_lsl",3
"436",101,530,"spoli_c_419_lsl",4
"437",137,510,"spoli_c_419_lsl",5
"438",161,540,"spoli_c_419_lsl",6
"439",179,530,"spoli_c_419_lsl",7
"440",209,521,"spoli_c_419_lsl",8
"441",245,524,"spoli_c_419_lsl",9
"442",257,539,"spoli_c_419_lsl",10
"443",269,422,"spoli_c_419_lsl",11
"444",293,483,"spoli_c_419_lsl",12
"445",317,449,"spoli_c_419_lsl",13
"446",335,555,"spoli_c_419_lsl",14
"447",365,490,"spoli_c_419_lsl",15
"448",407,425,"spoli_c_419_lsl",16
"449",425,556,"spoli_c_419_lsl",17
"450",443,554,"spoli_c_419_lsl",18
"451",467,562,"spoli_c_419_lsl",19
"452",491,376,"spoli_c_419_lsl",20
"453",509,449,"spoli_c_419_lsl",21
"454",533,273,"spoli_c_419_lsl",22
"455",557,449,"spoli_c_419_lsl",23
"456",575,374,"spoli_c_419_lsl",24
"457",17,496,"spoli_c_439_lsl",1
"458",53,479,"spoli_c_439_lsl",2
"459",77,598,"spoli_c_439_lsl",3
"460",95,397,"spoli_c_439_lsl",4
"461",107,368,"spoli_c_439_lsl",5
"462",131,192,"spoli_c_439_lsl",6
"463",143,450,"spoli_c_439_lsl",7
"464",173,215,"spoli_c_439_lsl",8
"465",191,-535,"spoli_c_439_lsl",9
"466",227,-480,"spoli_c_439_lsl",10
"467",251,-474,"spoli_c_439_lsl",11
"468",281,390,"spoli_c_439_lsl",12
"469",311,153,"spoli_c_439_lsl",13
"470",329,-318,"spoli_c_439_lsl",14
"471",359,37,"spoli_c_439_lsl",15
"472",377,576,"spoli_c_439_lsl",16
"473",389,790,"spoli_c_439_lsl",17
"474",413,-46,"spoli_c_439_lsl",18
"475",437,739,"spoli_c_439_lsl",19
"476",473,441,"spoli_c_439_lsl",20
"477",485,518,"spoli_c_439_lsl",21
"478",503,74,"spoli_c_439_lsl",22
"479",527,-72,"spoli_c_439_lsl",23
"480",569,-617,"spoli_c_439_lsl",24
"481",5,552,"spoli_c_444_lsl",1
"482",35,669,"spoli_c_444_lsl",2
"483",59,819,"spoli_c_444_lsl",3
"484",101,450,"spoli_c_444_lsl",4
"485",137,741,"spoli_c_444_lsl",5
"486",161,578,"spoli_c_444_lsl",6
"487",179,671,"spoli_c_444_lsl",7
"488",209,492,"spoli_c_444_lsl",8
"489",245,352,"spoli_c_444_lsl",9
"490",257,1100,"spoli_c_444_lsl",10
"491",269,591,"spoli_c_444_lsl",11
"492",293,469,"spoli_c_444_lsl",12
"493",317,365,"spoli_c_444_lsl",13
"494",335,397,"spoli_c_444_lsl",14
"495",365,NA,"spoli_c_444_lsl",15
"496",407,752,"spoli_c_444_lsl",16
"497",425,753,"spoli_c_444_lsl",17
"498",443,784,"spoli_c_444_lsl",18
"499",467,766,"spoli_c_444_lsl",19
"500",491,516,"spoli_c_444_lsl",20
"501",509,843,"spoli_c_444_lsl",21
"502",533,269,"spoli_c_444_lsl",22
"503",557,299,"spoli_c_444_lsl",23
"504",575,NA,"spoli_c_444_lsl",24
"505",5,700,"spoli_c_447_lsl",1
"506",35,704,"spoli_c_447_lsl",2
"507",59,-719,"spoli_c_447_lsl",3
"508",101,690,"spoli_c_447_lsl",4
"509",137,823,"spoli_c_447_lsl",5
"510",161,1020,"spoli_c_447_lsl",6
"511",179,1290,"spoli_c_447_lsl",7
"512",209,672,"spoli_c_447_lsl",8
"513",245,765,"spoli_c_447_lsl",9
"514",257,885,"spoli_c_447_lsl",10
"515",269,475,"spoli_c_447_lsl",11
"516",293,573,"spoli_c_447_lsl",12
"517",317,235,"spoli_c_447_lsl",13
"518",335,-421,"spoli_c_447_lsl",14
"519",365,323,"spoli_c_447_lsl",15
"520",407,NA,"spoli_c_447_lsl",16
"521",425,1463,"spoli_c_447_lsl",17
"522",443,72,"spoli_c_447_lsl",18
"523",467,101,"spoli_c_447_lsl",19
"524",491,130,"spoli_c_447_lsl",20
"525",509,67,"spoli_c_447_lsl",21
"526",533,93,"spoli_c_447_lsl",22
"527",557,NA,"spoli_c_447_lsl",23
"528",575,-269,"spoli_c_447_lsl",24
"529",17,610,"spoli_c_448_lsl",1
"530",53,1131,"spoli_c_448_lsl",2
"531",77,802,"spoli_c_448_lsl",3
"532",95,593,"spoli_c_448_lsl",4
"533",107,569,"spoli_c_448_lsl",5
"534",131,393,"spoli_c_448_lsl",6
"535",143,753,"spoli_c_448_lsl",7
"536",173,528,"spoli_c_448_lsl",8
"537",191,360,"spoli_c_448_lsl",9
"538",227,1792,"spoli_c_448_lsl",10
"539",251,NA,"spoli_c_448_lsl",11
"540",281,1062,"spoli_c_448_lsl",12
"541",311,1126,"spoli_c_448_lsl",13
"542",329,189,"spoli_c_448_lsl",14
"543",359,221,"spoli_c_448_lsl",15
"544",377,460,"spoli_c_448_lsl",16
"545",389,980,"spoli_c_448_lsl",17
"546",413,499,"spoli_c_448_lsl",18
"547",437,452,"spoli_c_448_lsl",19
"548",473,395,"spoli_c_448_lsl",20
"549",485,284,"spoli_c_448_lsl",21
"550",503,531,"spoli_c_448_lsl",22
"551",527,-230,"spoli_c_448_lsl",23
"552",569,496,"spoli_c_448_lsl",24
"553",5,536,"spoli_c_450_lsl",1
"554",35,808,"spoli_c_450_lsl",2
"555",59,616,"spoli_c_450_lsl",3
"556",101,515,"spoli_c_450_lsl",4
"557",137,481,"spoli_c_450_lsl",5
"558",161,627,"spoli_c_450_lsl",6
"559",179,558,"spoli_c_450_lsl",7
"560",209,541,"spoli_c_450_lsl",8
"561",245,551,"spoli_c_450_lsl",9
"562",257,579,"spoli_c_450_lsl",10
"563",269,509,"spoli_c_450_lsl",11
"564",293,628,"spoli_c_450_lsl",12
"565",317,564,"spoli_c_450_lsl",13
"566",335,664,"spoli_c_450_lsl",14
"567",365,546,"spoli_c_450_lsl",15
"568",407,470,"spoli_c_450_lsl",16
"569",425,659,"spoli_c_450_lsl",17
"570",443,523,"spoli_c_450_lsl",18
"571",467,571,"spoli_c_450_lsl",19
"572",491,506,"spoli_c_450_lsl",20
"573",509,730,"spoli_c_450_lsl",21
"574",533,443,"spoli_c_450_lsl",22
"575",557,458,"spoli_c_450_lsl",23
"576",575,649,"spoli_c_450_lsl",24
"577",17,867,"spoli_c_451_lsl",1
"578",53,1255,"spoli_c_451_lsl",2
"579",77,671,"spoli_c_451_lsl",3
"580",95,408,"spoli_c_451_lsl",4
"581",107,826,"spoli_c_451_lsl",5
"582",131,NA,"spoli_c_451_lsl",6
"583",143,1040,"spoli_c_451_lsl",7
"584",173,NA,"spoli_c_451_lsl",8
"585",191,223,"spoli_c_451_lsl",9
"586",227,231,"spoli_c_451_lsl",10
"587",251,152,"spoli_c_451_lsl",11
"588",281,-44,"spoli_c_451_lsl",12
"589",311,354,"spoli_c_451_lsl",13
"590",329,-492,"spoli_c_451_lsl",14
"591",359,247,"spoli_c_451_lsl",15
"592",377,149,"spoli_c_451_lsl",16
"593",389,478,"spoli_c_451_lsl",17
"594",413,306,"spoli_c_451_lsl",18
"595",437,343,"spoli_c_451_lsl",19
"596",473,160,"spoli_c_451_lsl",20
"597",485,165,"spoli_c_451_lsl",21
"598",503,397,"spoli_c_451_lsl",22
"599",527,62,"spoli_c_451_lsl",23
"600",569,197,"spoli_c_451_lsl",24
"601",23,1153,"spoli_c_452_lsl",1
"602",47,753,"spoli_c_452_lsl",2
"603",65,1244,"spoli_c_452_lsl",3
"604",89,845,"spoli_c_452_lsl",4
"605",113,841,"spoli_c_452_lsl",5
"606",125,1074,"spoli_c_452_lsl",6
"607",149,701,"spoli_c_452_lsl",7
"608",167,805,"spoli_c_452_lsl",8
"609",203,715,"spoli_c_452_lsl",9
"610",221,NA,"spoli_c_452_lsl",10
"611",239,690,"spoli_c_452_lsl",11
"612",275,1164,"spoli_c_452_lsl",12
"613",299,742,"spoli_c_452_lsl",13
"614",323,754,"spoli_c_452_lsl",14
"615",341,764,"spoli_c_452_lsl",15
"616",353,654,"spoli_c_452_lsl",16
"617",383,818,"spoli_c_452_lsl",17
"618",401,611,"spoli_c_452_lsl",18
"619",419,647,"spoli_c_452_lsl",19
"620",449,801,"spoli_c_452_lsl",20
"621",461,681,"spoli_c_452_lsl",21
"622",497,781,"spoli_c_452_lsl",22
"623",515,748,"spoli_c_452_lsl",23
"624",545,909,"spoli_c_452_lsl",24
"625",23,-866,"spoli_c_478_lsl",1
"626",47,855,"spoli_c_478_lsl",2
"627",65,954,"spoli_c_478_lsl",3
"628",89,555,"spoli_c_478_lsl",4
"629",113,538,"spoli_c_478_lsl",5
"630",125,NA,"spoli_c_478_lsl",6
"631",149,611,"spoli_c_478_lsl",7
"632",167,560,"spoli_c_478_lsl",8
"633",203,548,"spoli_c_478_lsl",9
"634",221,968,"spoli_c_478_lsl",10
"635",239,NA,"spoli_c_478_lsl",11
"636",275,576,"spoli_c_478_lsl",12
"637",299,490,"spoli_c_478_lsl",13
"638",323,781,"spoli_c_478_lsl",14
"639",341,506,"spoli_c_478_lsl",15
"640",353,NA,"spoli_c_478_lsl",16
"641",383,759,"spoli_c_478_lsl",17
"642",401,-129,"spoli_c_478_lsl",18
"643",419,966,"spoli_c_478_lsl",19
"644",449,578,"spoli_c_478_lsl",20
"645",461,774,"spoli_c_478_lsl",21
"646",497,803,"spoli_c_478_lsl",22
"647",515,1292,"spoli_c_478_lsl",23
"648",545,540,"spoli_c_478_lsl",24
"649",17,668,"spoli_c_487_lsl",1
"650",53,538,"spoli_c_487_lsl",2
"651",77,691,"spoli_c_487_lsl",3
"652",95,653,"spoli_c_487_lsl",4
"653",107,283,"spoli_c_487_lsl",5
"654",131,-454,"spoli_c_487_lsl",6
"655",143,NA,"spoli_c_487_lsl",7
"656",173,328,"spoli_c_487_lsl",8
"657",191,575,"spoli_c_487_lsl",9
"658",227,-456,"spoli_c_487_lsl",10
"659",251,284,"spoli_c_487_lsl",11
"660",281,62,"spoli_c_487_lsl",12
"661",311,579,"spoli_c_487_lsl",13
"662",329,163,"spoli_c_487_lsl",14
"663",359,199,"spoli_c_487_lsl",15
"664",377,588,"spoli_c_487_lsl",16
"665",389,651,"spoli_c_487_lsl",17
"666",413,954,"spoli_c_487_lsl",18
"667",437,160,"spoli_c_487_lsl",19
"668",473,71,"spoli_c_487_lsl",20
"669",485,881,"spoli_c_487_lsl",21
"670",503,-405,"spoli_c_487_lsl",22
"671",527,278,"spoli_c_487_lsl",23
"672",569,122,"spoli_c_487_lsl",24
"673",23,NA,"spoli_c_494_lsl",1
"674",47,-845,"spoli_c_494_lsl",2
"675",65,1923,"spoli_c_494_lsl",3
"676",89,NA,"spoli_c_494_lsl",4
"677",113,490,"spoli_c_494_lsl",5
"678",125,NA,"spoli_c_494_lsl",6
"679",149,NA,"spoli_c_494_lsl",7
"680",167,1450,"spoli_c_494_lsl",8
"681",203,597,"spoli_c_494_lsl",9
"682",221,820,"spoli_c_494_lsl",10
"683",239,544,"spoli_c_494_lsl",11
"684",275,836,"spoli_c_494_lsl",12
"685",299,490,"spoli_c_494_lsl",13
"686",323,534,"spoli_c_494_lsl",14
"687",341,596,"spoli_c_494_lsl",15
"688",353,904,"spoli_c_494_lsl",16
"689",383,1215,"spoli_c_494_lsl",17
"690",401,998,"spoli_c_494_lsl",18
"691",419,826,"spoli_c_494_lsl",19
"692",449,502,"spoli_c_494_lsl",20
"693",461,1415,"spoli_c_494_lsl",21
"694",497,881,"spoli_c_494_lsl",22
"695",515,1739,"spoli_c_494_lsl",23
"696",545,768,"spoli_c_494_lsl",24
"697",17,379,"spoli_c_500_lsl",1
"698",53,439,"spoli_c_500_lsl",2
"699",77,391,"spoli_c_500_lsl",3
"700",95,416,"spoli_c_500_lsl",4
"701",107,336,"spoli_c_500_lsl",5
"702",131,430,"spoli_c_500_lsl",6
"703",143,670,"spoli_c_500_lsl",7
"704",173,455,"spoli_c_500_lsl",8
"705",191,415,"spoli_c_500_lsl",9
"706",227,431,"spoli_c_500_lsl",10
"707",251,447,"spoli_c_500_lsl",11
"708",281,406,"spoli_c_500_lsl",12
"709",311,367,"spoli_c_500_lsl",13
"710",329,423,"spoli_c_500_lsl",14
"711",359,335,"spoli_c_500_lsl",15
"712",377,440,"spoli_c_500_lsl",16
"713",389,392,"spoli_c_500_lsl",17
"714",413,488,"spoli_c_500_lsl",18
"715",437,599,"spoli_c_500_lsl",19
"716",473,552,"spoli_c_500_lsl",20
"717",485,456,"spoli_c_500_lsl",21
"718",503,558,"spoli_c_500_lsl",22
"719",527,415,"spoli_c_500_lsl",23
"720",569,456,"spoli_c_500_lsl",24
"721",17,463,"spoli_c_501_lsl",1
"722",53,NA,"spoli_c_501_lsl",2
"723",77,538,"spoli_c_501_lsl",3
"724",95,633,"spoli_c_501_lsl",4
"725",107,674,"spoli_c_501_lsl",5
"726",131,593,"spoli_c_501_lsl",6
"727",143,479,"spoli_c_501_lsl",7
"728",173,524,"spoli_c_501_lsl",8
"729",191,789,"spoli_c_501_lsl",9
"730",227,673,"spoli_c_501_lsl",10
"731",251,619,"spoli_c_501_lsl",11
"732",281,660,"spoli_c_501_lsl",12
"733",311,723,"spoli_c_501_lsl",13
"734",329,951,"spoli_c_501_lsl",14
"735",359,NA,"spoli_c_501_lsl",15
"736",377,660,"spoli_c_501_lsl",16
"737",389,598,"spoli_c_501_lsl",17
"738",413,786,"spoli_c_501_lsl",18
"739",437,590,"spoli_c_501_lsl",19
"740",473,877,"spoli_c_501_lsl",20
"741",485,659,"spoli_c_501_lsl",21
"742",503,521,"spoli_c_501_lsl",22
"743",527,670,"spoli_c_501_lsl",23
"744",569,719,"spoli_c_501_lsl",24
"745",17,552,"spoli_c_508_lsl",1
"746",53,1382,"spoli_c_508_lsl",2
"747",77,870,"spoli_c_508_lsl",3
"748",95,NA,"spoli_c_508_lsl",4
"749",107,NA,"spoli_c_508_lsl",5
"750",131,520,"spoli_c_508_lsl",6
"751",143,860,"spoli_c_508_lsl",7
"752",173,668,"spoli_c_508_lsl",8
"753",191,970,"spoli_c_508_lsl",9
"754",227,1135,"spoli_c_508_lsl",10
"755",251,NA,"spoli_c_508_lsl",11
"756",281,433,"spoli_c_508_lsl",12
"757",311,449,"spoli_c_508_lsl",13
"758",329,916,"spoli_c_508_lsl",14
"759",359,837,"spoli_c_508_lsl",15
"760",377,947,"spoli_c_508_lsl",16
"761",389,885,"spoli_c_508_lsl",17
"762",413,722,"spoli_c_508_lsl",18
"763",437,738,"spoli_c_508_lsl",19
"764",473,778,"spoli_c_508_lsl",20
"765",485,1164,"spoli_c_508_lsl",21
"766",503,472,"spoli_c_508_lsl",22
"767",527,686,"spoli_c_508_lsl",23
"768",569,288,"spoli_c_508_lsl",24
"769",5,633,"spoli_c_522_lsl",1
"770",35,513,"spoli_c_522_lsl",2
"771",59,951,"spoli_c_522_lsl",3
"772",101,1124,"spoli_c_522_lsl",4
"773",137,507,"spoli_c_522_lsl",5
"774",161,1363,"spoli_c_522_lsl",6
"775",179,510,"spoli_c_522_lsl",7
"776",209,NA,"spoli_c_522_lsl",8
"777",245,511,"spoli_c_522_lsl",9
"778",257,596,"spoli_c_522_lsl",10
"779",269,986,"spoli_c_522_lsl",11
"780",293,566,"spoli_c_522_lsl",12
"781",317,NA,"spoli_c_522_lsl",13
"782",335,-263,"spoli_c_522_lsl",14
"783",365,961,"spoli_c_522_lsl",15
"784",407,946,"spoli_c_522_lsl",16
"785",425,NA,"spoli_c_522_lsl",17
"786",443,NA,"spoli_c_522_lsl",18
"787",467,631,"spoli_c_522_lsl",19
"788",491,NA,"spoli_c_522_lsl",20
"789",509,707,"spoli_c_522_lsl",21
"790",533,NA,"spoli_c_522_lsl",22
"791",557,578,"spoli_c_522_lsl",23
"792",575,NA,"spoli_c_522_lsl",24
"793",23,NA,"spoli_c_537_lsl",1
"794",47,674,"spoli_c_537_lsl",2
"795",65,1062,"spoli_c_537_lsl",3
"796",89,1146,"spoli_c_537_lsl",4
"797",113,NA,"spoli_c_537_lsl",5
"798",125,718,"spoli_c_537_lsl",6
"799",149,668,"spoli_c_537_lsl",7
"800",167,1014,"spoli_c_537_lsl",8
"801",203,431,"spoli_c_537_lsl",9
"802",221,NA,"spoli_c_537_lsl",10
"803",239,698,"spoli_c_537_lsl",11
"804",275,NA,"spoli_c_537_lsl",12
"805",299,1304,"spoli_c_537_lsl",13
"806",323,559,"spoli_c_537_lsl",14
"807",341,NA,"spoli_c_537_lsl",15
"808",353,986,"spoli_c_537_lsl",16
"809",383,553,"spoli_c_537_lsl",17
"810",401,684,"spoli_c_537_lsl",18
"811",419,516,"spoli_c_537_lsl",19
"812",449,1450,"spoli_c_537_lsl",20
"813",461,704,"spoli_c_537_lsl",21
"814",497,768,"spoli_c_537_lsl",22
"815",515,961,"spoli_c_537_lsl",23
"816",545,981,"spoli_c_537_lsl",24
"817",11,445,"spoli_c_563_lsl",1
"818",29,428,"spoli_c_563_lsl",2
"819",41,561,"spoli_c_563_lsl",3
"820",71,408,"spoli_c_563_lsl",4
"821",83,483,"spoli_c_563_lsl",5
"822",119,495,"spoli_c_563_lsl",6
"823",155,383,"spoli_c_563_lsl",7
"824",185,436,"spoli_c_563_lsl",8
"825",197,377,"spoli_c_563_lsl",9
"826",215,-590,"spoli_c_563_lsl",10
"827",233,326,"spoli_c_563_lsl",11
"828",263,308,"spoli_c_563_lsl",12
"829",287,303,"spoli_c_563_lsl",13
"830",305,330,"spoli_c_563_lsl",14
"831",347,414,"spoli_c_563_lsl",15
"832",371,310,"spoli_c_563_lsl",16
"833",395,438,"spoli_c_563_lsl",17
"834",431,305,"spoli_c_563_lsl",18
"835",455,299,"spoli_c_563_lsl",19
"836",479,331,"spoli_c_563_lsl",20
"837",521,339,"spoli_c_563_lsl",21
"838",539,NA,"spoli_c_563_lsl",22
"839",551,279,"spoli_c_563_lsl",23
"840",563,320,"spoli_c_563_lsl",24
"841",5,398,"spoli_c_583_lsl",1
"842",35,463,"spoli_c_583_lsl",2
"843",59,314,"spoli_c_583_lsl",3
"844",101,474,"spoli_c_583_lsl",4
"845",137,567,"spoli_c_583_lsl",5
"846",161,687,"spoli_c_583_lsl",6
"847",179,589,"spoli_c_583_lsl",7
"848",209,370,"spoli_c_583_lsl",8
"849",245,526,"spoli_c_583_lsl",9
"850",257,764,"spoli_c_583_lsl",10
"851",269,651,"spoli_c_583_lsl",11
"852",293,596,"spoli_c_583_lsl",12
"853",317,796,"spoli_c_583_lsl",13
"854",335,447,"spoli_c_583_lsl",14
"855",365,605,"spoli_c_583_lsl",15
"856",407,NA,"spoli_c_583_lsl",16
"857",425,566,"spoli_c_583_lsl",17
"858",443,604,"spoli_c_583_lsl",18
"859",467,517,"spoli_c_583_lsl",19
"860",491,551,"spoli_c_583_lsl",20
"861",509,575,"spoli_c_583_lsl",21
"862",533,NA,"spoli_c_583_lsl",22
"863",557,524,"spoli_c_583_lsl",23
"864",575,789,"spoli_c_583_lsl",24
"865",5,699,"spoli_c_608_lsl",1
"866",35,426,"spoli_c_608_lsl",2
"867",59,532,"spoli_c_608_lsl",3
"868",101,420,"spoli_c_608_lsl",4
"869",137,379,"spoli_c_608_lsl",5
"870",161,364,"spoli_c_608_lsl",6
"871",179,476,"spoli_c_608_lsl",7
"872",209,444,"spoli_c_608_lsl",8
"873",245,435,"spoli_c_608_lsl",9
"874",257,429,"spoli_c_608_lsl",10
"875",269,430,"spoli_c_608_lsl",11
"876",293,357,"spoli_c_608_lsl",12
"877",317,375,"spoli_c_608_lsl",13
"878",335,405,"spoli_c_608_lsl",14
"879",365,357,"spoli_c_608_lsl",15
"880",407,397,"spoli_c_608_lsl",16
"881",425,420,"spoli_c_608_lsl",17
"882",443,413,"spoli_c_608_lsl",18
"883",467,444,"spoli_c_608_lsl",19
"884",491,445,"spoli_c_608_lsl",20
"885",509,428,"spoli_c_608_lsl",21
"886",533,485,"spoli_c_608_lsl",22
"887",557,469,"spoli_c_608_lsl",23
"888",575,452,"spoli_c_608_lsl",24
"889",17,491,"spoli_c_617_lsl",1
"890",53,888,"spoli_c_617_lsl",2
"891",77,533,"spoli_c_617_lsl",3
"892",95,423,"spoli_c_617_lsl",4
"893",107,1130,"spoli_c_617_lsl",5
"894",131,493,"spoli_c_617_lsl",6
"895",143,498,"spoli_c_617_lsl",7
"896",173,525,"spoli_c_617_lsl",8
"897",191,554,"spoli_c_617_lsl",9
"898",227,301,"spoli_c_617_lsl",10
"899",251,299,"spoli_c_617_lsl",11
"900",281,373,"spoli_c_617_lsl",12
"901",311,414,"spoli_c_617_lsl",13
"902",329,320,"spoli_c_617_lsl",14
"903",359,370,"spoli_c_617_lsl",15
"904",377,485,"spoli_c_617_lsl",16
"905",389,270,"spoli_c_617_lsl",17
"906",413,328,"spoli_c_617_lsl",18
"907",437,-117,"spoli_c_617_lsl",19
"908",473,325,"spoli_c_617_lsl",20
"909",485,319,"spoli_c_617_lsl",21
"910",503,239,"spoli_c_617_lsl",22
"911",527,275,"spoli_c_617_lsl",23
"912",569,342,"spoli_c_617_lsl",24
"913",17,527,"spoli_c_639_lsl",1
"914",53,480,"spoli_c_639_lsl",2
"915",77,558,"spoli_c_639_lsl",3
"916",95,698,"spoli_c_639_lsl",4
"917",107,1141,"spoli_c_639_lsl",5
"918",131,441,"spoli_c_639_lsl",6
"919",143,667,"spoli_c_639_lsl",7
"920",173,575,"spoli_c_639_lsl",8
"921",191,538,"spoli_c_639_lsl",9
"922",227,500,"spoli_c_639_lsl",10
"923",251,461,"spoli_c_639_lsl",11
"924",281,449,"spoli_c_639_lsl",12
"925",311,613,"spoli_c_639_lsl",13
"926",329,NA,"spoli_c_639_lsl",14
"927",359,587,"spoli_c_639_lsl",15
"928",377,446,"spoli_c_639_lsl",16
"929",389,370,"spoli_c_639_lsl",17
"930",413,324,"spoli_c_639_lsl",18
"931",437,293,"spoli_c_639_lsl",19
"932",473,182,"spoli_c_639_lsl",20
"933",485,1063,"spoli_c_639_lsl",21
"934",503,379,"spoli_c_639_lsl",22
"935",527,125,"spoli_c_639_lsl",23
"936",569,377,"spoli_c_639_lsl",24
"937",23,NA,"spoli_c_640_lsl",1
"938",47,NA,"spoli_c_640_lsl",2
"939",65,441,"spoli_c_640_lsl",3
"940",89,346,"spoli_c_640_lsl",4
"941",113,471,"spoli_c_640_lsl",5
"942",125,1031,"spoli_c_640_lsl",6
"943",149,351,"spoli_c_640_lsl",7
"944",167,247,"spoli_c_640_lsl",8
"945",203,-561,"spoli_c_640_lsl",9
"946",221,279,"spoli_c_640_lsl",10
"947",239,464,"spoli_c_640_lsl",11
"948",275,351,"spoli_c_640_lsl",12
"949",299,127,"spoli_c_640_lsl",13
"950",323,-77,"spoli_c_640_lsl",14
"951",341,450,"spoli_c_640_lsl",15
"952",353,169,"spoli_c_640_lsl",16
"953",383,-854,"spoli_c_640_lsl",17
"954",401,402,"spoli_c_640_lsl",18
"955",419,394,"spoli_c_640_lsl",19
"956",449,467,"spoli_c_640_lsl",20
"957",461,666,"spoli_c_640_lsl",21
"958",497,3,"spoli_c_640_lsl",22
"959",515,NA,"spoli_c_640_lsl",23
"960",545,411,"spoli_c_640_lsl",24
"961",17,369,"spoli_c_644_lsl",1
"962",53,829,"spoli_c_644_lsl",2
"963",77,1422,"spoli_c_644_lsl",3
"964",95,NA,"spoli_c_644_lsl",4
"965",107,584,"spoli_c_644_lsl",5
"966",131,599,"spoli_c_644_lsl",6
"967",143,600,"spoli_c_644_lsl",7
"968",173,586,"spoli_c_644_lsl",8
"969",191,707,"spoli_c_644_lsl",9
"970",227,818,"spoli_c_644_lsl",10
"971",251,577,"spoli_c_644_lsl",11
"972",281,785,"spoli_c_644_lsl",12
"973",311,NA,"spoli_c_644_lsl",13
"974",329,681,"spoli_c_644_lsl",14
"975",359,709,"spoli_c_644_lsl",15
"976",377,782,"spoli_c_644_lsl",16
"977",389,1040,"spoli_c_644_lsl",17
"978",413,NA,"spoli_c_644_lsl",18
"979",437,1097,"spoli_c_644_lsl",19
"980",473,457,"spoli_c_644_lsl",20
"981",485,513,"spoli_c_644_lsl",21
"982",503,NA,"spoli_c_644_lsl",22
"983",527,171,"spoli_c_644_lsl",23
"984",569,NA,"spoli_c_644_lsl",24
"985",11,969,"spoli_c_647_lsl",1
"986",29,962,"spoli_c_647_lsl",2
"987",41,948,"spoli_c_647_lsl",3
"988",71,1112,"spoli_c_647_lsl",4
"989",83,782,"spoli_c_647_lsl",5
"990",119,NA,"spoli_c_647_lsl",6
"991",155,1466,"spoli_c_647_lsl",7
"992",185,805,"spoli_c_647_lsl",8
"993",197,828,"spoli_c_647_lsl",9
"994",215,737,"spoli_c_647_lsl",10
"995",233,752,"spoli_c_647_lsl",11
"996",263,916,"spoli_c_647_lsl",12
"997",287,1388,"spoli_c_647_lsl",13
"998",305,729,"spoli_c_647_lsl",14
"999",347,625,"spoli_c_647_lsl",15
"1000",371,597,"spoli_c_647_lsl",16
"1001",395,437,"spoli_c_647_lsl",17
"1002",431,269,"spoli_c_647_lsl",18
"1003",455,-81,"spoli_c_647_lsl",19
"1004",479,233,"spoli_c_647_lsl",20
"1005",521,666,"spoli_c_647_lsl",21
"1006",539,668,"spoli_c_647_lsl",22
"1007",551,802,"spoli_c_647_lsl",23
"1008",563,393,"spoli_c_647_lsl",24
"1009",11,469,"spoli_c_651_lsl",1
"1010",29,563,"spoli_c_651_lsl",2
"1011",41,446,"spoli_c_651_lsl",3
"1012",71,388,"spoli_c_651_lsl",4
"1013",83,685,"spoli_c_651_lsl",5
"1014",119,457,"spoli_c_651_lsl",6
"1015",155,518,"spoli_c_651_lsl",7
"1016",185,434,"spoli_c_651_lsl",8
"1017",197,434,"spoli_c_651_lsl",9
"1018",215,475,"spoli_c_651_lsl",10
"1019",233,411,"spoli_c_651_lsl",11
"1020",263,411,"spoli_c_651_lsl",12
"1021",287,401,"spoli_c_651_lsl",13
"1022",305,421,"spoli_c_651_lsl",14
"1023",347,318,"spoli_c_651_lsl",15
"1024",371,130,"spoli_c_651_lsl",16
"1025",395,299,"spoli_c_651_lsl",17
"1026",431,276,"spoli_c_651_lsl",18
"1027",455,251,"spoli_c_651_lsl",19
"1028",479,367,"spoli_c_651_lsl",20
"1029",521,247,"spoli_c_651_lsl",21
"1030",539,317,"spoli_c_651_lsl",22
"1031",551,93,"spoli_c_651_lsl",23
"1032",563,329,"spoli_c_651_lsl",24
"1033",5,NA,"spoli_c_677_lsl",1
"1034",35,NA,"spoli_c_677_lsl",2
"1035",59,NA,"spoli_c_677_lsl",3
"1036",101,NA,"spoli_c_677_lsl",4
"1037",137,NA,"spoli_c_677_lsl",5
"1038",161,NA,"spoli_c_677_lsl",6
"1039",179,NA,"spoli_c_677_lsl",7
"1040",209,NA,"spoli_c_677_lsl",8
"1041",245,NA,"spoli_c_677_lsl",9
"1042",257,NA,"spoli_c_677_lsl",10
"1043",269,-717,"spoli_c_677_lsl",11
"1044",293,NA,"spoli_c_677_lsl",12
"1045",317,NA,"spoli_c_677_lsl",13
"1046",335,NA,"spoli_c_677_lsl",14
"1047",365,-315,"spoli_c_677_lsl",15
"1048",407,943,"spoli_c_677_lsl",16
"1049",425,422,"spoli_c_677_lsl",17
"1050",443,517,"spoli_c_677_lsl",18
"1051",467,524,"spoli_c_677_lsl",19
"1052",491,393,"spoli_c_677_lsl",20
"1053",509,407,"spoli_c_677_lsl",21
"1054",533,680,"spoli_c_677_lsl",22
"1055",557,NA,"spoli_c_677_lsl",23
"1056",575,NA,"spoli_c_677_lsl",24
"1057",5,-864,"spoli_c_697_lsl",1
"1058",35,427,"spoli_c_697_lsl",2
"1059",59,414,"spoli_c_697_lsl",3
"1060",101,454,"spoli_c_697_lsl",4
"1061",137,515,"spoli_c_697_lsl",5
"1062",161,612,"spoli_c_697_lsl",6
"1063",179,722,"spoli_c_697_lsl",7
"1064",209,649,"spoli_c_697_lsl",8
"1065",245,446,"spoli_c_697_lsl",9
"1066",257,518,"spoli_c_697_lsl",10
"1067",269,374,"spoli_c_697_lsl",11
"1068",293,537,"spoli_c_697_lsl",12
"1069",317,452,"spoli_c_697_lsl",13
"1070",335,461,"spoli_c_697_lsl",14
"1071",365,-958,"spoli_c_697_lsl",15
"1072",407,423,"spoli_c_697_lsl",16
"1073",425,689,"spoli_c_697_lsl",17
"1074",443,611,"spoli_c_697_lsl",18
"1075",467,402,"spoli_c_697_lsl",19
"1076",491,451,"spoli_c_697_lsl",20
"1077",509,532,"spoli_c_697_lsl",21
"1078",533,413,"spoli_c_697_lsl",22
"1079",557,490,"spoli_c_697_lsl",23
"1080",575,397,"spoli_c_697_lsl",24
"1081",11,521,"spoli_c_705_lsl",1
"1082",29,719,"spoli_c_705_lsl",2
"1083",41,383,"spoli_c_705_lsl",3
"1084",71,336,"spoli_c_705_lsl",4
"1085",83,880,"spoli_c_705_lsl",5
"1086",119,209,"spoli_c_705_lsl",6
"1087",155,-95,"spoli_c_705_lsl",7
"1088",185,218,"spoli_c_705_lsl",8
"1089",197,416,"spoli_c_705_lsl",9
"1090",215,240,"spoli_c_705_lsl",10
"1091",233,425,"spoli_c_705_lsl",11
"1092",263,818,"spoli_c_705_lsl",12
"1093",287,481,"spoli_c_705_lsl",13
"1094",305,684,"spoli_c_705_lsl",14
"1095",347,341,"spoli_c_705_lsl",15
"1096",371,456,"spoli_c_705_lsl",16
"1097",395,412,"spoli_c_705_lsl",17
"1098",431,636,"spoli_c_705_lsl",18
"1099",455,512,"spoli_c_705_lsl",19
"1100",479,585,"spoli_c_705_lsl",20
"1101",521,472,"spoli_c_705_lsl",21
"1102",539,484,"spoli_c_705_lsl",22
"1103",551,649,"spoli_c_705_lsl",23
"1104",563,NA,"spoli_c_705_lsl",24
"1105",23,NA,"spoli_c_715_lsl",1
"1106",47,NA,"spoli_c_715_lsl",2
"1107",65,NA,"spoli_c_715_lsl",3
"1108",89,NA,"spoli_c_715_lsl",4
"1109",113,NA,"spoli_c_715_lsl",5
"1110",125,NA,"spoli_c_715_lsl",6
"1111",149,NA,"spoli_c_715_lsl",7
"1112",167,NA,"spoli_c_715_lsl",8
"1113",203,NA,"spoli_c_715_lsl",9
"1114",221,NA,"spoli_c_715_lsl",10
"1115",239,NA,"spoli_c_715_lsl",11
"1116",275,NA,"spoli_c_715_lsl",12
"1117",299,NA,"spoli_c_715_lsl",13
"1118",323,NA,"spoli_c_715_lsl",14
"1119",341,NA,"spoli_c_715_lsl",15
"1120",353,NA,"spoli_c_715_lsl",16
"1121",383,NA,"spoli_c_715_lsl",17
"1122",401,NA,"spoli_c_715_lsl",18
"1123",419,NA,"spoli_c_715_lsl",19
"1124",449,NA,"spoli_c_715_lsl",20
"1125",461,NA,"spoli_c_715_lsl",21
"1126",497,NA,"spoli_c_715_lsl",22
"1127",515,NA,"spoli_c_715_lsl",23
"1128",545,NA,"spoli_c_715_lsl",24
"1129",23,618,"spoli_c_727_lsl",1
"1130",47,-420,"spoli_c_727_lsl",2
"1131",65,NA,"spoli_c_727_lsl",3
"1132",89,576,"spoli_c_727_lsl",4
"1133",113,774,"spoli_c_727_lsl",5
"1134",125,782,"spoli_c_727_lsl",6
"1135",149,597,"spoli_c_727_lsl",7
"1136",167,981,"spoli_c_727_lsl",8
"1137",203,606,"spoli_c_727_lsl",9
"1138",221,568,"spoli_c_727_lsl",10
"1139",239,624,"spoli_c_727_lsl",11
"1140",275,572,"spoli_c_727_lsl",12
"1141",299,862,"spoli_c_727_lsl",13
"1142",323,732,"spoli_c_727_lsl",14
"1143",341,919,"spoli_c_727_lsl",15
"1144",353,590,"spoli_c_727_lsl",16
"1145",383,611,"spoli_c_727_lsl",17
"1146",401,590,"spoli_c_727_lsl",18
"1147",419,746,"spoli_c_727_lsl",19
"1148",449,665,"spoli_c_727_lsl",20
"1149",461,705,"spoli_c_727_lsl",21
"1150",497,746,"spoli_c_727_lsl",22
"1151",515,535,"spoli_c_727_lsl",23
"1152",545,782,"spoli_c_727_lsl",24
"1153",11,NA,"spoli_c_730_lsl",1
"1154",29,483,"spoli_c_730_lsl",2
"1155",41,473,"spoli_c_730_lsl",3
"1156",71,75,"spoli_c_730_lsl",4
"1157",83,262,"spoli_c_730_lsl",5
"1158",119,258,"spoli_c_730_lsl",6
"1159",155,308,"spoli_c_730_lsl",7
"1160",185,189,"spoli_c_730_lsl",8
"1161",197,339,"spoli_c_730_lsl",9
"1162",215,174,"spoli_c_730_lsl",10
"1163",233,891,"spoli_c_730_lsl",11
"1164",263,236,"spoli_c_730_lsl",12
"1165",287,628,"spoli_c_730_lsl",13
"1166",305,99,"spoli_c_730_lsl",14
"1167",347,114,"spoli_c_730_lsl",15
"1168",371,269,"spoli_c_730_lsl",16
"1169",395,185,"spoli_c_730_lsl",17
"1170",431,262,"spoli_c_730_lsl",18
"1171",455,435,"spoli_c_730_lsl",19
"1172",479,119,"spoli_c_730_lsl",20
"1173",521,146,"spoli_c_730_lsl",21
"1174",539,196,"spoli_c_730_lsl",22
"1175",551,NA,"spoli_c_730_lsl",23
"1176",563,173,"spoli_c_730_lsl",24
"1177",17,461,"spoli_c_740_lsl",1
"1178",53,638,"spoli_c_740_lsl",2
"1179",77,558,"spoli_c_740_lsl",3
"1180",95,566,"spoli_c_740_lsl",4
"1181",107,827,"spoli_c_740_lsl",5
"1182",131,424,"spoli_c_740_lsl",6
"1183",143,525,"spoli_c_740_lsl",7
"1184",173,485,"spoli_c_740_lsl",8
"1185",191,560,"spoli_c_740_lsl",9
"1186",227,454,"spoli_c_740_lsl",10
"1187",251,748,"spoli_c_740_lsl",11
"1188",281,699,"spoli_c_740_lsl",12
"1189",311,1109,"spoli_c_740_lsl",13
"1190",329,503,"spoli_c_740_lsl",14
"1191",359,519,"spoli_c_740_lsl",15
"1192",377,NA,"spoli_c_740_lsl",16
"1193",389,456,"spoli_c_740_lsl",17
"1194",413,598,"spoli_c_740_lsl",18
"1195",437,773,"spoli_c_740_lsl",19
"1196",473,373,"spoli_c_740_lsl",20
"1197",485,717,"spoli_c_740_lsl",21
"1198",503,781,"spoli_c_740_lsl",22
"1199",527,503,"spoli_c_740_lsl",23
"1200",569,513,"spoli_c_740_lsl",24
"1201",17,576,"spoli_c_760_lsl",1
"1202",53,516,"spoli_c_760_lsl",2
"1203",77,483,"spoli_c_760_lsl",3
"1204",95,664,"spoli_c_760_lsl",4
"1205",107,542,"spoli_c_760_lsl",5
"1206",131,809,"spoli_c_760_lsl",6
"1207",143,793,"spoli_c_760_lsl",7
"1208",173,542,"spoli_c_760_lsl",8
"1209",191,505,"spoli_c_760_lsl",9
"1210",227,878,"spoli_c_760_lsl",10
"1211",251,960,"spoli_c_760_lsl",11
"1212",281,461,"spoli_c_760_lsl",12
"1213",311,454,"spoli_c_760_lsl",13
"1214",329,844,"spoli_c_760_lsl",14
"1215",359,NA,"spoli_c_760_lsl",15
"1216",377,1357,"spoli_c_760_lsl",16
"1217",389,NA,"spoli_c_760_lsl",17
"1218",413,445,"spoli_c_760_lsl",18
"1219",437,1486,"spoli_c_760_lsl",19
"1220",473,444,"spoli_c_760_lsl",20
"1221",485,558,"spoli_c_760_lsl",21
"1222",503,601,"spoli_c_760_lsl",22
"1223",527,519,"spoli_c_760_lsl",23
"1224",569,447,"spoli_c_760_lsl",24
"1225",5,493,"spoli_c_768_lsl",1
"1226",35,547,"spoli_c_768_lsl",2
"1227",59,633,"spoli_c_768_lsl",3
"1228",101,664,"spoli_c_768_lsl",4
"1229",137,699,"spoli_c_768_lsl",5
"1230",161,514,"spoli_c_768_lsl",6
"1231",179,583,"spoli_c_768_lsl",7
"1232",209,541,"spoli_c_768_lsl",8
"1233",245,494,"spoli_c_768_lsl",9
"1234",257,743,"spoli_c_768_lsl",10
"1235",269,781,"spoli_c_768_lsl",11
"1236",293,530,"spoli_c_768_lsl",12
"1237",317,430,"spoli_c_768_lsl",13
"1238",335,-184,"spoli_c_768_lsl",14
"1239",365,812,"spoli_c_768_lsl",15
"1240",407,564,"spoli_c_768_lsl",16
"1241",425,NA,"spoli_c_768_lsl",17
"1242",443,422,"spoli_c_768_lsl",18
"1243",467,584,"spoli_c_768_lsl",19
"1244",491,499,"spoli_c_768_lsl",20
"1245",509,540,"spoli_c_768_lsl",21
"1246",533,726,"spoli_c_768_lsl",22
"1247",557,985,"spoli_c_768_lsl",23
"1248",575,685,"spoli_c_768_lsl",24
"1249",17,545,"spoli_c_777_lsl",1
"1250",53,415,"spoli_c_777_lsl",2
"1251",77,1621,"spoli_c_777_lsl",3
"1252",95,468,"spoli_c_777_lsl",4
"1253",107,-588,"spoli_c_777_lsl",5
"1254",131,505,"spoli_c_777_lsl",6
"1255",143,605,"spoli_c_777_lsl",7
"1256",173,395,"spoli_c_777_lsl",8
"1257",191,514,"spoli_c_777_lsl",9
"1258",227,465,"spoli_c_777_lsl",10
"1259",251,526,"spoli_c_777_lsl",11
"1260",281,460,"spoli_c_777_lsl",12
"1261",311,674,"spoli_c_777_lsl",13
"1262",329,329,"spoli_c_777_lsl",14
"1263",359,108,"spoli_c_777_lsl",15
"1264",377,NA,"spoli_c_777_lsl",16
"1265",389,-185,"spoli_c_777_lsl",17
"1266",413,260,"spoli_c_777_lsl",18
"1267",437,581,"spoli_c_777_lsl",19
"1268",473,516,"spoli_c_777_lsl",20
"1269",485,859,"spoli_c_777_lsl",21
"1270",503,-423,"spoli_c_777_lsl",22
"1271",527,482,"spoli_c_777_lsl",23
"1272",569,141,"spoli_c_777_lsl",24
